"Grading","Country","Area","Town","Postcode","Name"
"3-star","England","Bedfordshire","Broom","SG18 9NA","Cock"
"3-star","England","Berkshire","Aldworth","RG8 9SE","Bell Inn"
"3-star","England","Buckinghamshire","West Wycombe","HP14 3AE","Swan"
"3-star","England","Cambridgeshire","Newton","CB22 7PG","Queen's Head"
"3-star","England","Cambridgeshire","Peterborough","PE1 3BE","Hand & Heart"
"3-star","England","Cheshire","Alpraham","CW6 9JA","Travellers Rest"
"3-star","England","Cheshire","Barthomley","CW2 5PG","White Lion"
"3-star","England","Cheshire","Gawsworth","SK11 9RJ","Harrington Arms"
"3-star","England","Cheshire","Macclesfield","SK11 6LB","Castle"
"3-star","England","Cheshire","Scholar Green","ST7 3BQ","Bleeding Wolf"
"3-star","England","Cornwall","Falmouth","TR11 3QA","Seven Stars"
"3-star","England","County Durham","Durham","DH1 4EQ","Colpitts Hotel"
"3-star","England","County Durham","Durham","DH1 3AS","Victoria Inn"
"3-star","England","Derbyshire","Brassington","DE4 4HJ","Olde Gate Inne"
"3-star","England","Derbyshire","Derby","DE21 7LH","Malt Shovel"
"3-star","England","Derbyshire","Derby","DE1 3DL","Olde Dolphin Inne"
"3-star","England","Derbyshire","Elton","DE4 2BW","Duke of York"
"3-star","England","Derbyshire","Glossop","SK13 8JF","Crown Inn"
"3-star","England","Derbyshire","Hassop","DE45 1NS","Eyre Arms"
"3-star","England","Derbyshire","Ilkeston","DE7 5TE","Dewdrop Inn"
"3-star","England","Derbyshire","Kirk Ireton","DE6 3JP","Barley Mow Inn"
"3-star","England","Derbyshire","Makeney","DE56 0RX","Holly Bush"
"3-star","England","Derbyshire","Ockbrook","DE72 3SE","Royal Oak"
"3-star","England","Derbyshire","Wardlow Mires","SK17 8RW","Three Stags' Heads"
"3-star","England","Devon","Barnstaple","EX31 1SY","Corner House"
"3-star","England","Devon","Cheriton Fitzpaine","EX17 4JW","Half Moon Inn"
"3-star","England","Devon","Drewsteignton","EX6 6QN","Drewe Arms"
"3-star","England","Devon","Topsham","EX3 0QQ","Bridge Inn"
"3-star","England","Dorset","Pamphill","BH21 4EE","Vine Inn"
"3-star","England","Dorset","Worth Matravers","BH19 3LF","Square & Compass"
"3-star","England","East Sussex","Brighton","BN1 1UB","King & Queen"
"3-star","England","East Sussex","Brighton","BN1 4ED","Prince Albert"
"3-star","England","East Sussex","Hadlow Down","TN22 4HJ","New Inn"
"3-star","England","East Sussex","Lewes","BN7 1YH","Lewes Arms"
"3-star","England","East Yorkshire","Beverley","HU17 8BN","White Horse"
"3-star","England","East Yorkshire","Bridlington","YO15 3EP","Station Buffet"
"3-star","England","East Yorkshire","Hull","HU1 1EP","White Hart"
"3-star","England","East Yorkshire","Hull","HU1 1JG","Olde White Harte"
"3-star","England","East Yorkshire","Hull","HU1 1PS","Olde Black Boy"
"3-star","England","Essex","Aveley","RM15 4AD","Old Ship Inn"
"3-star","England","Essex","Broads Green","CM3 1DT","Walnut Tree"
"3-star","England","Essex","Mill Green","CM4 0PT","Viper"
"3-star","England","Gloucestershire & Bristol","Ampney St. Peter","GL7 5SL","Red Lion"
"3-star","England","Gloucestershire & Bristol","Bristol","BS1 6DE","Kings Head"
"3-star","England","Gloucestershire & Bristol","Prestbury","GL52 3BG","Plough"
"3-star","England","Greater London Central","London","WC2E 9EB","Lamb & Flag"
"3-star","England","Greater London Central","London","WC2A 2JB","Seven Stars"
"3-star","England","Greater London Central","London","W1J 6NL","Guinea"
"3-star","England","Greater London Central","London","EC4Y 1HT","Tipperary"
"3-star","England","Greater London Central","London","EC3V 9DS","Jamaica Wine House"
"3-star","England","Greater London Central","London","EC1A 7AA","Viaduct Tavern"
"3-star","England","Greater London Central","London","WC2R 3LD","Cheshire Cheese"
"3-star","England","Greater London Central","London","W1D 5DH","Coach & Horses"
"3-star","England","Greater London Central","London","W1U 6QW","Barley Mow"
"3-star","England","Greater London Central","London","W1D 1AN","Flying Horse"
"3-star","England","Greater London Central","London","W1F 7TP","Argyll Arms"
"3-star","England","Greater London Central","London","WC2N 4AP","Salisbury"
"3-star","England","Greater London Central","London","WC1V 7EP","Princess Louise"
"3-star","England","Greater London Central","London","EC4A 2BU","Olde Cheshire Cheese"
"3-star","England","Greater London Central","London","EC4V 4EG","Black Friar"
"3-star","England","Greater London Central","London","WC1V 6BN","Cittie Of Yorke"
"3-star","England","Greater London Central","London","EC1A 7JA","Hand & Shears"
"3-star","England","Greater London Central","London","EC1N 6SJ","Olde Mitre"
"3-star","England","Greater London East","Dagenham","RM10 9HP","Admiral Vernon"
"3-star","England","Greater London East","Dagenham","RM10 7UP","Eastbrook"
"3-star","England","Greater London East","East Ham","E6 1PW","Boleyn Tavern"
"3-star","England","Greater London East","Hackney","E8 3RH","Dolphin"
"3-star","England","Greater London East","Poplar","E14 6AD","Festival Inn"
"3-star","England","Greater London North","Harringay","N4 1JX","Salisbury"
"3-star","England","Greater London North","Hornsey","N8 9DE","Queens"
"3-star","England","Greater London North","London","N1 9DU","Scottish Stores"
"3-star","England","Greater London North","London","N1 8HD","Island Queen"
"3-star","England","Greater London North West","Belsize Park","NW3 4UE","Washington"
"3-star","England","Greater London North West","Hampstead","NW3 1HE","Flask"
"3-star","England","Greater London North West","Harrow","HA1 3EF","Castle"
"3-star","England","Greater London North West","Kensal Rise","NW10 5JX","William"
"3-star","England","Greater London North West","Kilburn","NW6 2BY","Black Lion"
"3-star","England","Greater London North West","South Kenton","HA9 8QT","Windermere"
"3-star","England","Greater London North West","St John's Wood","NW8 8JR","Crocker's Folly"
"3-star","England","Greater London South East","East Dulwich","SE22 0RR","Herne Tavern"
"3-star","England","Greater London South East","Forest Hill","SE23 1JB","Blythe Hill Tavern"
"3-star","England","Greater London South East","Herne Hill","SE24 9HU","Half Moon"
"3-star","England","Greater London South East","Kennington","SE11 4RS","Old Red Lion"
"3-star","England","Greater London South East","London","SE1 5AA","Lord Nelson"
"3-star","England","Greater London South East","London","SE1 1NH","George"
"3-star","England","Greater London South East","Sidcup","DA15 8EA","Black Boy"
"3-star","England","Greater London South East","Walworth","SE17 2NH","Queen Elizabeth"
"3-star","England","Greater London South West","Battersea","SW11 1RU","Falcon"
"3-star","England","Greater London South West","Clapham","SW8 2RF","Feeleys"
"3-star","England","Greater London South West","Knightsbridge","SW3 1LA","Bunch Of Grapes"
"3-star","England","Greater London South West","London","SW1Y 6JP","Red Lion"
"3-star","England","Greater London South West","Putney","SW15 1JN","Duke's Head"
"3-star","England","Greater London South West","Tooting","SW17 7PB","King's Head"
"3-star","England","Greater London South West","Wandsworth","SW18 2PT","Spread Eagle"
"3-star","England","Greater London West","Brentford","TW8 0EW","Express Tavern"
"3-star","England","Greater London West","Cranford","TW5 9PB","Queen's Head"
"3-star","England","Greater London West","Hammersmith","W6 9TA","Dove"
"3-star","England","Greater London West","Hammersmith","W6 9JJ","Hope & Anchor"
"3-star","England","Greater London West","Hayes End","UB4 8HX","Angel"
"3-star","England","Greater London West","Kensington","W8 7AR","Windsor Castle"
"3-star","England","Greater London West","Maida Vale","W9 1EH","Warrington Hotel"
"3-star","England","Greater London West","Maida Vale","W9 1EE","Prince Alfred"
"3-star","England","Greater London West","Northolt","UB5 4LA","Greenwood Hotel"
"3-star","England","Greater London West","Notting Hill","W11 1PY","Elgin"
"3-star","England","Greater London West","Paddington","W2 2NH","Victoria"
"3-star","England","Greater London West","West Ealing","W13 9EP","Forester"
"3-star","England","Greater Manchester","Broadheath","WA14 5NT","Railway"
"3-star","England","Greater Manchester","Bury","BL9 0LQ","Old White Lion"
"3-star","England","Greater Manchester","Eccles","M30 0BP","Lamb Hotel"
"3-star","England","Greater Manchester","Farnworth","BL4 7DN","Shakespeare"
"3-star","England","Greater Manchester","Gorton","M18 7FB","Plough"
"3-star","England","Greater Manchester","Heywood","OL10 4PR","Grapes Inn"
"3-star","England","Greater Manchester","Manchester","M4 1PN","Unicorn"
"3-star","England","Greater Manchester","Manchester","M4 1LE","Castle Hotel"
"3-star","England","Greater Manchester","Manchester","M4 4HY","Marble Arch"
"3-star","England","Greater Manchester","Manchester","M2 7AR","Mr Thomas's Chop House"
"3-star","England","Greater Manchester","Manchester","M1 5JQ","Peveril of the Peak"
"3-star","England","Greater Manchester","Manchester","M4 4AA","Hare & Hounds"
"3-star","England","Greater Manchester","Manchester","M1 4GX","Circus Tavern"
"3-star","England","Greater Manchester","Manchester","M1 5LE","Britons Protection"
"3-star","England","Greater Manchester","Oldham","OL1 1EN","Royal Oak Hotel"
"3-star","England","Greater Manchester","Patricroft","M30 0QN","Stanley Arms"
"3-star","England","Greater Manchester","Peel Green","M30 7HD","Grapes"
"3-star","England","Greater Manchester","Rochdale","OL11 5EU","Cemetery Hotel"
"3-star","England","Greater Manchester","Stockport","SK1 1RY","Swan with Two Necks"
"3-star","England","Greater Manchester","Stockport","SK1 2LX","Arden Arms"
"3-star","England","Greater Manchester","Stockport","SK3 9NJ","Alexandra"
"3-star","England","Greater Manchester","Stockport","SK4 2NA","Nursery Inn"
"3-star","England","Greater Manchester","Weaste","M5 5NN","Coach & Horses"
"3-star","England","Greater Manchester","Westhoughton","BL5 3AN","White Lion"
"3-star","England","Greater Manchester","Wigan","WN6 7BB","Springfield Hotel"
"3-star","England","Hampshire","Hythe","SO45 6AG","Lord Nelson"
"3-star","England","Hampshire","Southampton","SO14 2NS","Red Lion"
"3-star","England","Hampshire","Steep","GU32 2DA","Harrow"
"3-star","England","Herefordshire","Kington","HR5 3BX","Olde Tavern"
"3-star","England","Herefordshire","Leintwardine","SY7 0LP","Sun Inn"
"3-star","England","Herefordshire","Leysters","HR6 0HW","Duke of York"
"3-star","England","Hertfordshire","Trowley Bottom","AL3 8DP","Rose & Crown"
"3-star","England","Isle of Wight","Bonchurch","PO38 1NU","Bonchurch Inn"
"3-star","England","Kent","Cowden Pound","TN8 5NP","Queens Arms"
"3-star","England","Kent","Faversham","ME13 7AG","Bear"
"3-star","England","Kent","Ightham Common","TN15 9EE","Old House"
"3-star","England","Kent","Snargate","TN29 9UQ","Red Lion"
"3-star","England","Lancashire","Great Harwood","BB6 7EP","Victoria"
"3-star","England","Lancashire","Preston","PR1 2EJ","Black Horse"
"3-star","England","Leicestershire","Whitwick","LE67 5GN","Three Horseshoes"
"3-star","England","Lincolnshire","Scunthorpe","DN16 2PE","Queen Bess"
"3-star","England","Lincolnshire","Scunthorpe","DN15 7DS","Berkeley Hotel"
"3-star","England","Merseyside","Birkenhead","CH41 6JE","Crown"
"3-star","England","Merseyside","Birkenhead","CH41 6JN","Stork Hotel"
"3-star","England","Merseyside","Liscard","CH44 1BB","Primrose"
"3-star","England","Merseyside","Liverpool","L7 7EB","Belvedere"
"3-star","England","Merseyside","Liverpool","L22 8QR","Volunteer Canteen"
"3-star","England","Merseyside","Liverpool","L31 4HD","Scotch Piper"
"3-star","England","Merseyside","Liverpool","L1 1JQ","Crown Hotel"
"3-star","England","Merseyside","Liverpool","L9 1AD","Prince Arthur"
"3-star","England","Merseyside","Liverpool","L1 1JQ","Vines"
"3-star","England","Merseyside","Liverpool","L1 9BX","Philharmonic Dining Rooms"
"3-star","England","Merseyside","Liverpool","L8 7LY","Peter Kavanagh's"
"3-star","England","Merseyside","Liverpool","L2 2BP","Lion Tavern"
"3-star","England","Merseyside","Southport","PR9 0QE","Guest House"
"3-star","England","Merseyside","St Helens","WA9 4HN","Wheatsheaf"
"3-star","England","North Yorkshire","Beck Hole","YO22 5LE","Birch Hall Inn"
"3-star","England","North Yorkshire","Boroughbridge","YO51 9LF","Tap on the Tutt"
"3-star","England","North Yorkshire","Middlesbrough","TS1 1EH","Christie's Brasserie - The Zetland"
"3-star","England","North Yorkshire","York","YO1 9TF","Blue Bell"
"3-star","England","North Yorkshire","York","YO1 7PR","Black Swan"
"3-star","England","North Yorkshire","York","YO1 6DU","Golden Ball"
"3-star","England","North Yorkshire","York","YO23 1JH","Swan"
"3-star","England","Northumberland","Berwick upon Tweed","TD15 1LF","Free Trade"
"3-star","England","Northumberland","Netherton","NE65 7HD","Star Inn"
"3-star","England","Nottinghamshire","Beeston","NG9 1FY","Crown Inn"
"3-star","England","Nottinghamshire","Nottingham: Central","NG1 6AD","Olde Trip to Jerusalem"
"3-star","England","Nottinghamshire","West Bridgford","NG2 5LP","Test Match Hotel"
"3-star","England","Oxfordshire","Steventon","OX13 6SG","North Star"
"3-star","England","Oxfordshire","Stoke Lyne","OX27 8SD","Peyton Arms"
"3-star","England","Shropshire","Shrewsbury","SY1 1UG","Loggerheads"
"3-star","England","Shropshire","Telford","TF2 7AL","Bulls Head"
"3-star","England","Somerset","Bath","BA1 5NA","Star Inn"
"3-star","England","Somerset","Bath","BA1 2JZ","Old Green Tree"
"3-star","England","Somerset","Faulkland","BA3 5XF","Tucker's Grave"
"3-star","England","Somerset","Huish Episcopi","TA10 9QT","Rose & Crown"
"3-star","England","Somerset","Priddy","BA5 3AR","Hunters' Lodge"
"3-star","England","Somerset","Witham Friary","BA11 5HF","Seymour Arms"
"3-star","England","South Yorkshire","Barnburgh","DN5 7EP","Coach & Horses"
"3-star","England","South Yorkshire","Doncaster","DN1 1SF","Little Plough"
"3-star","England","South Yorkshire","Sheffield: Central","S1 2BP","Sheffield Tap"
"3-star","England","South Yorkshire","Sheffield: Central","S3 7QL","Bath Hotel"
"3-star","England","Staffordshire","Burton upon Trent","DE14 1EG","Coopers Tavern"
"3-star","England","Staffordshire","Cannock","WS11 0AL","Crystal Fountain"
"3-star","England","Staffordshire","High Offley","ST20 0NG","Anchor Inn"
"3-star","England","Staffordshire","Rugeley","WS15 2JH","Red Lion"
"3-star","England","Staffordshire","Stoke-on-Trent","ST1 3EA","Coachmakers Arms"
"3-star","England","Staffordshire","Stoke-on-Trent","ST6 3AJ","Duke William"
"3-star","England","Staffordshire","Stoke-on-Trent","ST6 6LS","Vine"
"3-star","England","Suffolk","Brent Eleigh","CO10 9PB","Cock"
"3-star","England","Suffolk","Bury St. Edmunds","IP33 1BJ","Nutshell"
"3-star","England","Suffolk","Ipswich","IP3 0PQ","Margaret Catchpole"
"3-star","England","Suffolk","Laxfield","IP13 8DW","King's Head"
"3-star","England","Surrey","Walton-on-the- Hill","KT20 7UJ","Bell"
"3-star","England","Surrey","Warlingham","CR6 9EG","White Lion"
"3-star","England","Tyne & Wear","Gateshead","NE8 2AN","Central"
"3-star","England","Tyne & Wear","Newcastle upon Tyne","NE1 3JE","Crown Posada"
"3-star","England","Tyne & Wear","South Shields","NE33 1NS","Stags Head"
"3-star","England","Tyne & Wear","Sunderland","SR1 3HA","Dun Cow"
"3-star","England","Tyne & Wear","Sunderland","SR4 7XT","Mountain Daisy"
"3-star","England","West Midlands","Birmingham","B23 6UG","Red Lion"
"3-star","England","West Midlands","Birmingham","B14 7JZ","Hare & Hounds"
"3-star","England","West Midlands","Birmingham","B18 5JU","Black Eagle"
"3-star","England","West Midlands","Birmingham","B30 2XS","British Oak"
"3-star","England","West Midlands","Birmingham","B7 5PD","Villa Tavern"
"3-star","England","West Midlands","Birmingham","B18 6JW","Rose Villa Tavern"
"3-star","England","West Midlands","Birmingham","B6 4UP","Bartons Arms"
"3-star","England","West Midlands","Birmingham","B21 9LX","Red Lion"
"3-star","England","West Midlands","Birmingham","B4 7XG","Woodman"
"3-star","England","West Midlands","Birmingham","B12 0QY","White Swan"
"3-star","England","West Midlands","Birmingham","B5 6ET","Anchor"
"3-star","England","West Midlands","Bloxwich","WS3 2EZ","Turf Tavern"
"3-star","England","West Midlands","Bloxwich","WS3 2HN","Romping Cat"
"3-star","England","West Midlands","Netherton","DY2 9PY","Old Swan"
"3-star","England","West Midlands","Oldbury","B69 3AD","Waggon & Horses"
"3-star","England","West Midlands","Rushall","WS4 1LG","Manor Arms"
"3-star","England","West Midlands","Sedgley","DY3 1JE","Beacon Hotel"
"3-star","England","West Midlands","Smethwick","B66 4RQ","Waterloo"
"3-star","England","West Midlands","Wednesbury","WS10 9AX","Horse & Jockey"
"3-star","England","West Midlands","Wednesfield","WV11 1TN","Vine"
"3-star","England","West Midlands","Wolverhampton","WV1 1DG","Posada"
"3-star","England","West Sussex","Balls Cross","GU28 9JP","Stag Inn"
"3-star","England","West Sussex","Horsted Keynes Station","RH17 7BB","King George V Buffet"
"3-star","England","West Sussex","The Haven","RH14 9BS","Blue Ship"
"3-star","England","West Yorkshire","Halifax: Town Centre","HX1 2LX","Three Pigeons"
"3-star","England","West Yorkshire","Heath","WF1 5SL","Kings Arms"
"3-star","England","West Yorkshire","Huddersfield","HD1 5AY","Sportsman"
"3-star","England","West Yorkshire","Leeds","LS12 1HX","Beech"
"3-star","England","West Yorkshire","Leeds","LS10 2QB","Garden Gate"
"3-star","England","West Yorkshire","Leeds","LS4 2HQ","Cardigan Arms"
"3-star","England","West Yorkshire","Leeds","LS1 6HB","Whitelock's Ale House"
"3-star","England","West Yorkshire","Leeds","LS10 1JQ","Adelphi"
"3-star","England","West Yorkshire","Pudsey","LS28 8PR","Royal Hotel"
"3-star","England","Wiltshire","Easton Royal","SN9 5LR","Bruce Arms"
"3-star","England","Wiltshire","Salisbury","SP1 1TB","Haunch of Venison"
"3-star","England","Worcestershire","Bretforton","WR11 7JE","Fleece Inn"
"3-star","England","Worcestershire","Clent","DY9 9QL","Bell & Cross"
"3-star","England","Worcestershire","Defford","WR8 9BW","Monkey House"
"3-star","England","Worcestershire","Hanley Castle","WR8 0BL","Three Kings"
"3-star","England","Worcestershire","Worcester","WR5 1PE","Punch Bowl"
"3-star","England","Worcestershire","Worcester","WR1 2NA","Cardinal's Hat"
"3-star","England","Worcestershire","Worcester","WR1 3PA","Paul Pry"
"3-star","Northern Ireland","Northern Ireland","Ballycastle","BT54 6AS","House of McDonnell"
"3-star","Northern Ireland","Northern Ireland","Ballycastle","BT54 6AW","Boyd Arms"
"3-star","Northern Ireland","Northern Ireland","Ballyeaston","BT39 9SH","Carmichael's"
"3-star","Northern Ireland","Northern Ireland","Belfast","BT12 7AB","Fort Bar"
"3-star","Northern Ireland","Northern Ireland","Belfast","BT2 7BA","Crown"
"3-star","Northern Ireland","Northern Ireland","Bushmills","BT57 8QD","Bush House"
"3-star","Northern Ireland","Northern Ireland","Camlough","BT35 7JG","Carraghers Bar"
"3-star","Northern Ireland","Northern Ireland","Enniskillen","BT74 7EJ","Blakes of the Hollow"
"3-star","Northern Ireland","Northern Ireland","Irvinestown","BT94 1GJ","Central Bar"
"3-star","Northern Ireland","Northern Ireland","Killyleagh","BT30 9QF","Dufferin Arms"
"3-star","Northern Ireland","Northern Ireland","Limavady","BT49 0EU","Owens Bar"
"3-star","Northern Ireland","Northern Ireland","Portadown","BT62 3PB","McConville's"
"3-star","Scotland","Aberdeen & Grampian","Aberdeen","AB25 1BU","Blue Lamp"
"3-star","Scotland","Aberdeen & Grampian","Aberdeen","AB11 6BA","Grill"
"3-star","Scotland","Aberdeen & Grampian","Craigellachie","AB38 9RR","Fiddichside Inn"
"3-star","Scotland","Argyll & The Isles","Kilmelford","PA34 4XA","Cuilfail"
"3-star","Scotland","Argyll & The Isles","Lochgilphead","PA31 8JL","Commercial"
"3-star","Scotland","Ayrshire & Arran","Dalry","KA24 5DH","Volunteer Arms"
"3-star","Scotland","Edinburgh & The Lothians","Edinburgh","EH1 3RJ","Barony Bar"
"3-star","Scotland","Edinburgh & The Lothians","Edinburgh","EH12 5NG","Roseburn Bar"
"3-star","Scotland","Edinburgh & The Lothians","Edinburgh","EH6 8LN","Central Bar"
"3-star","Scotland","Edinburgh & The Lothians","Edinburgh","EH2 3JD","Kenilworth"
"3-star","Scotland","Edinburgh & The Lothians","Edinburgh","EH2 2AA","Cafe Royal"
"3-star","Scotland","Edinburgh & The Lothians","Edinburgh","EH9 1SU","John Leslie [Leslie's Bar]"
"3-star","Scotland","Edinburgh & The Lothians","Edinburgh","EH2 4JB","Oxford Bar"
"3-star","Scotland","Edinburgh & The Lothians","Edinburgh","EH2 4PA","H. P. Mather [Mathers West End]"
"3-star","Scotland","Edinburgh & The Lothians","Edinburgh","EH3 9LG","Bennets Bar"
"3-star","Scotland","Edinburgh & The Lothians","Edinburgh","EH2 2PR","Abbotsford Bar & Restaurant"
"3-star","Scotland","Edinburgh & The Lothians","Edinburgh","EH2 2AA","Voodoo Rooms"
"3-star","Scotland","Edinburgh & The Lothians","Prestonpans","EH32 9BE","Bombay Bar & Grill"
"3-star","Scotland","Edinburgh & The Lothians","West Calder","EH55 8DL","Railway Inn"
"3-star","Scotland","Fife","Kincardine","FK10 4LX","Railway Tavern"
"3-star","Scotland","Fife","Kirkcaldy","KY1 2PH","Feuars Arms"
"3-star","Scotland","Fife","Leslie","KY6 3AZ","Auld Hoose"
"3-star","Scotland","Greater Glasgow & Clyde Valley","Glasgow","G5 9HU","Laurieston Bar"
"3-star","Scotland","Greater Glasgow & Clyde Valley","Glasgow","G32 9AL","Railway Tavern"
"3-star","Scotland","Greater Glasgow & Clyde Valley","Glasgow","G2 8BG","Sloans"
"3-star","Scotland","Greater Glasgow & Clyde Valley","Glasgow","G32 7NB","Portland Arms"
"3-star","Scotland","Greater Glasgow & Clyde Valley","Glasgow","G1 1UP","Steps Bar"
"3-star","Scotland","Greater Glasgow & Clyde Valley","Glasgow","G51 1LF","Old Toll Bar"
"3-star","Scotland","Greater Glasgow & Clyde Valley","Glasgow","G2 5AE","Horse Shoe"
"3-star","Scotland","Greater Glasgow & Clyde Valley","Glasgow","G51 3DJ","Brechin's"
"3-star","Scotland","Greater Glasgow & Clyde Valley","Paisley","PA1 1XU","Bull Inn"
"3-star","Scotland","Greater Glasgow & Clyde Valley","Renton","G82 4NL","Central Bar"
"3-star","Scotland","Tayside","Dundee","DD3 7SD","Frews Bar"
"3-star","Scotland","Tayside","Dundee","DD2 1AS","Speedwell Bar"
"3-star","Scotland","Tayside","Dundee","DD3 7SW","Clep Bar"
"3-star","Wales","Glamorgan","Cardiff","CF10 1GH","Golden Cross"
"3-star","Wales","Mid Wales","Cemmaes Road","SY20 8JZ","Dovey Valley Hotel"
"3-star","Wales","Mid Wales","Llanidloes","SY18 6EF","Crown & Anchor"
"3-star","Wales","North-East Wales","Ysceifiog","CH8 8NJ","Fox"
"3-star","Wales","North-West Wales","Bethesda","LL57 3AY","Douglas Arms Hotel"
"3-star","Wales","North-West Wales","Conwy","LL32 8RF","Albion Ale House"
"3-star","Wales","West Wales","Llandovery","SA20 0AA","Red Lion"
"3-star","Wales","West Wales","Pontfaen","SA65 9SE","Dyffryn Arms"
"3-star","England","Lancashire","Nether Kellet","LA6 1EP","Limeburner's Arms"
"2-star","Scotland","Edinburgh & The Lothians","Edinburgh","EH10 4QU","Volunteer Arms [Canny Man's]"
"2-star","England","Cumbria","Bassenthwaite Lake","CA13 9YE","Pheasant Inn"
"2-star","England","Merseyside","Liverpool","L2 2AW","Hole in Ye Wall"
"2-star","England","Hampshire","Priors Dean","GU32 1DA","White Horse"
"2-star","Wales","West Wales","Court Henry","SA32 8SD","New Cross Inn"
"2-star","England","West Yorkshire","Norwood Green","HX3 8QG","Old White Beare"
"2-star","England","East Yorkshire","Hull","HU3 1LR","Polar Bear"
"2-star","England","Essex","Colchester","CO2 7ET","Odd One Out"
"2-star","England","Kent","Coldred","CT15 5AJ","Carpenters Arms"
"2-star","England","Greater Manchester","Withington","M20 4BT","Turnpike"
"2-star","England","Staffordshire","Audley","ST7 8DE","Butchers Arms"
"2-star","England","West Sussex","Wineham","BN5 9AY","Royal Oak"
"2-star","England","Cheshire","Haslington","CW1 5RG","Hawk"
"2-star","Wales","North-West Wales","Llansannan","LL16 5HG","Red Lion"
"2-star","England","Lancashire","St Annes","FY8 1SB","Town House"
"2-star","England","Bedfordshire","Luton","LU1 2EY","Great Northern"
"2-star","England","Cambridgeshire","Cambridge","CB1 1LN","Champion of the Thames"
"2-star","England","Cambridgeshire","Grantchester","CB3 9NQ","Blue Ball Inn"
"2-star","England","Essex","Castle Hedingham","CO9 3EJ","Bell"
"2-star","England","Hertfordshire","Harpenden","AL5 2SD","Cross Keys"
"2-star","England","Norfolk","Kenninghall","NR16 2EP","Red Lion"
"2-star","England","Norfolk","Norwich","NR5 8QJ","Gatehouse"
"2-star","England","Norfolk","Wymondham","NR18 0PH","Green Dragon"
"2-star","England","Suffolk","Bury St. Edmunds","IP33 1NP","Rose & Crown"
"2-star","England","Suffolk","Pin Mill","IP9 1JW","Butt & Oyster"
"2-star","England","Hertfordshire","St. Albans","AL3 4PT","Farriers Arms"
"2-star","England","Essex","Grays","RM17 6HR","White Hart"
"2-star","England","Hertfordshire","Flaunden","HP3 0PP","Green Dragon"
"2-star","England","Hertfordshire","St. Albans","AL1 1EZ","White Hart Hotel"
"2-star","England","Suffolk","Snape","IP17 1SL","Crown"
"2-star","England","Essex","Burnham-on-Crouch","CM0 8AS","Olde White Harte Hotel"
"2-star","England","Greater London East","Ilford","IG1 1TZ","553 London"
"2-star","England","Greater London East","London","E1 6LZ","Golden Heart"
"2-star","England","Greater London East","Manor Park","E12 5AF","Earl Of Essex"
"2-star","England","Greater London East","Bow","E3 5RP","Palm Tree"
"2-star","England","Greater London East","East Ham","E6 1LA","Denmark Arms"
"2-star","England","Greater London Central","London","EC4Y 1DE","Punch Tavern"
"2-star","England","Greater London North","London","N1 5RA","Stags Head"
"2-star","England","Greater London North","London","N1 0EB","Crown"
"2-star","England","Greater London North","Stoke Newington","N16 9ES","Rose & Crown"
"2-star","England","Greater London North","Wood Green","N22 7SS","Starting Gate"
"2-star","England","Greater London North","Finsbury Park","N4 1DZ","Beaconsfield"
"2-star","England","Greater London North","Highgate","N6 6BU","Flask"
"2-star","England","Greater London North","Highgate","N6 5BA","Winchester"
"2-star","England","Greater London North","Hornsey","N8 7QB","Great Northern Railway Tavern"
"2-star","England","Greater London North West","Hampstead","NW3 6SG","Holly Bush"
"2-star","England","Greater London North West","Kentish Town","NW5 2NX","Pineapple"
"2-star","England","Greater London South East","London","SE1 1ER","Lord Clyde"
"2-star","England","Greater London South East","Nunhead","SE15 3BE","Ivy House"
"2-star","England","Greater London South East","Dulwich","SE21 7BJ","Crown & Greyhound"
"2-star","England","Greater London South East","Camberwell","SE5 8RS","Joiners Arms"
"2-star","England","Greater London South West","Earlsfield","SW18 4EP","Country House"
"2-star","England","Greater London South West","Wandsworth","SW18 1TF","Alma"
"2-star","England","Greater London South West","London","SW1A 2NH","Red Lion"
"2-star","England","Greater London South West","London","SW1A 2JR","St Stephen's Tavern"
"2-star","England","Greater London South West","London","SW1X 7NR","Grenadier"
"2-star","England","Greater London South West","London","SW1X 7PA","Paxton's Head"
"2-star","England","Greater London South West","Brixton","SW9 8AG","Duke of Edinburgh"
"2-star","England","Greater London West","Notting Hill","W11 2RP","Cock & Bottle"
"2-star","England","Greater London Central","London","W1D 5BG","French House"
"2-star","England","Greater London Central","London","W1W 7LQ","George"
"2-star","England","Greater London Central","London","W1W 6XW","Stag's Head"
"2-star","England","Greater London West","Paddington","W2 3QH","Mitre"
"2-star","England","Greater London West","Kensington","W8 7LN","Churchill Arms"
"2-star","England","Greater London Central","London","WC2H 8LE","Angel"
"2-star","England","Greater London Central","London","WC2R 0DW","Coal Hole"
"2-star","England","Greater London West","Teddington","TW11 9AS","Builders Arms"
"2-star","England","Greater London South East","Catford","SE6 3BT","Fellowship Inn"
"2-star","England","Greater London Central","London","EC1V 4PH","George & Dragon"
"2-star","England","Greater London West","Chiswick","W4 1LW","Tabard"
"2-star","England","Greater London Central","London","WC1R 4PN","Enterprise"
"2-star","England","Greater London North","London","N1 1DF","Hemingford Arms"
"2-star","England","Greater London South West","Stockwell","SW9 9SA","Marquis of Lorne"
"2-star","England","Greater London North West","Ruislip","HA4 7SE","Woodman"
"2-star","England","Greater London South West","South Wimbledon","SW19 1BT","Sultan"
"2-star","England","Bedfordshire","Luton","LU2 0BW","Painters Arms"
"2-star","England","Cumbria","Broughton-in-Furness","LA20 6AX","Blacksmiths Arms"
"2-star","England","Devon","South Zeal","EX20 2JT","Oxenham Arms"
"2-star","England","Greater London Central","London","WC1N 2PB","Duke"
"2-star","England","Greater London North West","Eastcote","HA5 2EQ","Case Is Altered"
"2-star","England","Greater London South West","Chelsea","SW10 9UJ","Fox & Pheasant"
"2-star","England","Greater London Central","London","W1D 3AJ","Dog & Duck"
"2-star","England","Greater Manchester","Stalybridge","SK15 1RF","Station Buffet Bar"
"2-star","England","Merseyside","Liverpool","L1 2SX","Roscoe Head"
"2-star","England","Nottinghamshire","Nottingham","NG5 3GG","Vale"
"2-star","England","Somerset","Midsomer Norton","BA3 2HQ","White Hart Hotel"
"2-star","England","East Sussex","Hastings","TN34 1BP","Havelock"
"2-star","England","Tyne & Wear","Newcastle upon Tyne","NE6 1LD","Cumberland Arms"
"2-star","England","West Midlands","Birmingham","B31 2QT","Black Horse"
"2-star","England","West Midlands","Coventry","CV3 1HG","Biggin Hall"
"2-star","England","West Midlands","Upper Gornal","DY3 1UX","Britannia"
"2-star","England","North Yorkshire","Harrogate","HG1 4DH","Gardeners Arms"
"2-star","Scotland","Dumfries & Galloway","Stranraer","DG9 7HY","Grapes"
"2-star","Scotland","Greater Glasgow & Clyde Valley","Auldhouse","G75 9DW","Auldhouse Arms"
"2-star","Wales","Mid Wales","Llanfihangel","SY22 5JD","Goat Inn"
"2-star","Wales","Mid Wales","Rhayader","LD6 5AB","Lion Royal"
"2-star","England","Cumbria","Carlisle","CA3 9PS","Redfern Inn"
"2-star","England","Greater Manchester","Higher Broughton","M7 2FR","Star Inn"
"2-star","Scotland","Highlands & Western Isles","Inverness","IV1 1LX","Phoenix Ale House"
"2-star","England","Lancashire","Cleveleys","FY5 3PZ","Victoria Hotel"
"2-star","England","West Yorkshire","Lockwood","HD1 3TN","Shoulder of Mutton"
"2-star","England","West Yorkshire","Ledsham","LS25 5LP","Chequers Inn"
"2-star","England","West Yorkshire","Leeds","LS11 5PL","Grove Inn"
"2-star","England","South Yorkshire","Sheffield","S12 4LA","Sportsman"
"2-star","England","Greater London South West","Brixton (SW2)","SW2 5PY","Prince of Wales"
"2-star","Scotland","Argyll & The Isles","Rothesay","PA20 0DA","Macs Bar"
"2-star","Northern Ireland","Northern Ireland","Rostrevor","BT34 3AZ","Fearon's"
"2-star","Northern Ireland","Northern Ireland","Newtownards","BT23 7DN","Rice's International Bar"
"2-star","Northern Ireland","Northern Ireland","Newry","BT34 1DJ","Jean Crozier's"
"2-star","England","East Sussex","Hastings","TN34 3EE","Olde Pumphouse"
"2-star","England","Berkshire","Windsor","SL4 1LB","Two Brewers"
"2-star","England","County Durham","Cotherstone","DL12 9QE","Red Lion"
"2-star","England","Wiltshire","Chippenham","SN15 3DB","Three Crowns"
"2-star","England","Greater London Central","London","EC3V 9DL","George & Vulture"
"2-star","England","Warwickshire","Atherstone","CV9 1AH","Old Swan"
"2-star","England","Greater London East","Hackney","E8 3AG","Prince George"
"2-star","Scotland","Edinburgh & The Lothians","Edinburgh","EH1 2QH","Sandy Bell's"
"2-star","Scotland","Greater Glasgow & Clyde Valley","Glasgow","G3 6JA","Camerons"
"2-star","Scotland","Greater Glasgow & Clyde Valley","Glasgow","G1 4LW","Scotia Bar"
"2-star","Scotland","Highlands & Western Isles","Rosemarkie","IV10 8UF","Plough Inn"
"2-star","Scotland","Edinburgh & The Lothians","Musselburgh","EH21 6JE","Volunteer Arms [Staggs]"
"2-star","Scotland","Greater Glasgow & Clyde Valley","Paisley","PA1 1BL","Brewers Tap"
"2-star","Scotland","Argyll & The Isles","Rothesay","PA20 9DL","Golfers' Bar"
"2-star","Scotland","Greater Glasgow & Clyde Valley","Uddingston","G71 7PF","Rowan Tree"
"2-star","Scotland","Tayside","Brechin","DD9 6BA","Dalhousie"
"2-star","Scotland","Edinburgh & The Lothians","Edinburgh","EH6 6QW","Shore"
"2-star","Scotland","Borders","Westruther","TD3 6NE","Old Thistle Inn"
"2-star","Scotland","Edinburgh & The Lothians","Edinburgh","EH15 2ET","Ormelie Tavern"
"2-star","England","East Sussex","Brighton","BN1 1ND","Cricketers"
"2-star","England","East Sussex","Brighton","BN1 1UF","Colonnade Bar"
"2-star","England","East Sussex","Brighton","BN1 3GJ","Quadrant"
"2-star","England","East Sussex","Peacehaven","BN10 8HN","Dewdrop Inn"
"2-star","England","East Sussex","Hailsham","BN27 1AS","Grenadier"
"2-star","England","East Sussex","Hastings","TN34 3BJ","Stag Inn"
"2-star","England","West Sussex","Southwick","BN42 4AD","Ship Inn"
"2-star","England","East Sussex","Firle","BN8 6NS","Ram Inn"
"2-star","England","Kent","Broadstairs","CT10 1ET","Neptunes Hall"
"2-star","England","Kent","Fordwich","CT2 0DB","Fordwich Arms"
"2-star","England","Kent","Sandgate","CT20 3DH","Earl of Clarendon"
"2-star","England","West Sussex","Henley","GU27 3HQ","Duke of Cumberland"
"2-star","England","Buckinghamshire","Forty Green","HP9 1XT","Royal Standard of England"
"2-star","England","Surrey","Claygate","KT10 0HW","Griffin"
"2-star","England","Kent","Faversham","ME13 8PE","Railway Hotel"
"2-star","England","Oxfordshire","Oxford","OX1 4EH","Bear Inn"
"2-star","England","Oxfordshire","Oxford","OX2 6LX","Rose & Crown"
"2-star","England","Hampshire","Portsmouth","PO3 6LN","Jolly Taxpayer"
"2-star","England","Berkshire","Waltham St Lawrence","RG10 0JJ","Bell"
"2-star","England","Oxfordshire","Checkendon","RG8 0TE","Black Horse"
"2-star","England","Oxfordshire","Stoke Row","RG9 5PU","Crooked Billet"
"2-star","England","Hampshire","Southampton","SO17 2JZ","Woodies at the Junction Inn"
"2-star","England","East Sussex","Old Heathfield","TN21 9AH","Star Inn"
"2-star","England","East Sussex","Hastings","TN34 3EA","Albion"
"2-star","England","Hampshire","Portsmouth","PO2 0TN","Phoenix"
"2-star","England","Kent","Faversham","ME13 7JL","Bull Inn"
"2-star","England","Cornwall","Helston","TR13 8EL","Blue Anchor"
"2-star","England","Cornwall","St Just","TR19 7LL","Star Inn"
"2-star","England","Devon","Widecombe-in-the-Moor","TQ13 7TF","Rugglestone Inn"
"2-star","England","Dorset","Bournemouth","BH1 4RN","Cricketers Arms"
"2-star","England","Dorset","Shaftesbury","SP7 8JZ","Ship Inn"
"2-star","England","Gloucestershire & Bristol","Bristol","BS2 8DE","Highbury Vaults"
"2-star","England","Gloucestershire & Bristol","Bristol","BS1 6XJ","Nova Scotia"
"2-star","England","Somerset","Bath","BA1 6SD","Larkhall Inn"
"2-star","England","Somerset","Crowcombe","TA4 4AD","Carew Arms"
"2-star","England","Somerset","Dunster","TA24 6SG","Luttrell Arms Hotel"
"2-star","England","Somerset","Frome","BA11 3BW","Lamb & Fountain"
"2-star","England","Wiltshire","Ebbesbourne Wake","SP5 5JF","Horseshoe"
"2-star","England","Cornwall","Penzance","TR18 4AF","Admiral Benbow"
"2-star","England","Somerset","Bath","BA2 1QR","Centurion Inn"
"2-star","Wales","Glamorgan","Cardiff","CF24 1QJ","Royal Oak"
"2-star","Wales","Glamorgan","Gilfach Fargoed","CF81 8LW","Capel Hotel"
"2-star","Wales","Gwent","Llanhennock","NP18 1LT","Wheatsheaf"
"2-star","Wales","Gwent","Newport","NP20 2JG","Waterloo Hotel & Bistro Restaurant"
"2-star","Wales","Mid Wales","Carno","SY17 5LH","Ty Brith"
"2-star","England","Herefordshire","Rhydspence","HR3 6EU","Rhydspence Inn"
"2-star","Wales","North-East Wales","Cilcain","CH7 5NN","White Horse"
"2-star","Wales","North-West Wales","Bangor","LL57 1LZ","Snowdon Buffet & Bar"
"2-star","Wales","North-West Wales","Nant Gwynant","LL55 4NT","Pen-y-Gwryd"
"2-star","Wales","West Wales","Cresswell Quay","SA68 0TE","Cresselly Arms"
"2-star","Wales","West Wales","Cwmdu","SA19 7DY","Tafarn Cwmdu"
"2-star","Wales","West Wales","Fishguard","SA65 9HJ","Fishguard Arms"
"2-star","England","Herefordshire","Clodock","HR2 0PD","Cornewall Arms"
"2-star","England","Herefordshire","Huntington","HR5 3PY","Swan"
"2-star","England","Herefordshire","Pembridge","HR6 9DZ","New Inn"
"2-star","England","West Midlands","Birmingham","B6 7ST","Swan & Mitre"
"2-star","England","West Midlands","Bilston","WV14 0EP","Greyhound & Punchbowl"
"2-star","England","West Midlands","Brierley Hill","DY5 2TN","Vine"
"2-star","England","West Midlands","Coventry","CV1 3BA","Old Windmill"
"2-star","England","West Midlands","Oldswinford","DY8 1NQ","Seven Stars"
"2-star","England","West Midlands","Walsall","WS2 8AF","Pretty Bricks"
"2-star","England","Worcestershire","Claines","WR3 7RN","Mug House"
"2-star","England","Worcestershire","Worcester","WR1 2LZ","Eagle Vaults"
"2-star","England","Staffordshire","Stoke-on-Trent","ST1 1EG","Unicorn Inn"
"2-star","England","Staffordshire","Stoke-on-Trent","ST4 5DW","Greyhound Inn"
"2-star","England","Shropshire","Stiperstones","SY5 0LZ","Stiperstones Inn"
"2-star","England","West Midlands","Birmingham","B12 9QU","Old Moseley Arms"
"2-star","England","West Midlands","Birmingham","B27 7NN","Maggies"
"2-star","England","Derbyshire","Whaley Bridge","SK23 7HR","Shepherds Arms"
"2-star","England","Leicestershire","Coalville","LE67 3EE","Stamford & Warrington"
"2-star","England","Leicestershire","Hinckley","LE10 0NQ","Wharf"
"2-star","England","Leicestershire","Ibstock","LE67 6LA","Waggon & Horses"
"2-star","England","Nottinghamshire","Beeston","NG9 1JG","Victoria Hotel"
"2-star","England","Nottinghamshire","Kirkby-in-Ashfield","NG17 9EH","Cricketers Arms"
"2-star","England","Nottinghamshire","Retford","DN22 6LA","Turks Head"
"2-star","England","North Yorkshire","Harrogate","HG1 2RS","Hales Bar"
"2-star","England","North Yorkshire","Rufforth","YO23 3QF","Tankard"
"2-star","England","North Yorkshire","Seamer","TS9 5LU","King's Head"
"2-star","England","North Yorkshire","Selby","YO8 4ET","New Inn"
"2-star","England","North Yorkshire","Whitby","YO22 4BH","Black Horse"
"2-star","England","North Yorkshire","York","YO10 4DL","Wellington"
"2-star","England","North Yorkshire","York","YO24 4DQ","Fox"
"2-star","England","North Yorkshire","York","YO1 9PT","Phoenix Inn"
"2-star","England","North Yorkshire","York","YO1 7LG","Royal Oak"
"2-star","England","North Yorkshire","York","YO10 4AB","Masons Arms"
"2-star","England","South Yorkshire","Rotherham","S60 1BQ","Cutlers Arms"
"2-star","England","South Yorkshire","Sheffield: Central","S1 4EL","Grapes"
"2-star","England","South Yorkshire","Sheffield","S2 4HT","White Lion"
"2-star","England","South Yorkshire","Tickhill","DN11 9QJ","Scarbrough Arms"
"2-star","England","West Yorkshire","Halifax: Savile Park","HX1 3HG","Big Six"
"2-star","England","Greater London North","London","N1 9BL","King Charles I"
"2-star","England","Greater London South East","London","SE1 8TB","King's Arms"
"2-star","England","Greater London South East","Rotherhithe","SE16 4NF","Mayflower"
"2-star","England","Greater London South West","Wandsworth","SW18 5SW","Park Tavern"
"2-star","England","Greater London West","Acton Green","W4 5LF","Duke of Sussex"
"2-star","England","Greater London North West","Cricklewood","NW2 3ED","Crown London Hotel"
"2-star","England","Greater London West","Hanwell","W7 2DT","Grosvenor"
"2-star","England","Greater London South East","Bermondsey (East)","SE16 4TY","Old Justice"
"2-star","England","Greater London South East","Bermondsey","SE1 4HL","Victoria"
"2-star","England","Greater London Central","London","EC1R 1XA","Shakespeares Head"
"2-star","England","County Durham","Greta Bridge","DL12 9SE","Morritt"
"2-star","England","Northumberland","Seahouses","NE68 7RD","Olde Ship Inn"
"2-star","England","County Durham","Egglescliffe","TS16 9DQ","Pot & Glass"
"2-star","England","Tyne & Wear","Greenside","NE40 4SP","White Swan"
"2-star","England","Tyne & Wear","Whitburn","SR6 7BZ","Jolly Sailor"
"2-star","England","Cumbria","Bowness-on-Windermere","LA23 3DH","Hole in t' Wall"
"2-star","England","Cheshire","Hatton","WA4 4DB","Hatton Arms"
"2-star","England","Cumbria","Great Langdale","LA22 9JY","Old Dungeon Ghyll Hotel"
"2-star","England","Cumbria","Kendal","LA9 5AF","Ring O' Bells"
"2-star","England","Isle of Man","Peel","IM5 1LA","White House Hotel"
"2-star","England","Lancashire","Worsthorne","BB10 3NQ","Crooked Billet"
"2-star","England","Lancashire","Blackpool","FY1 3AZ","Ramsden Arms Hotel"
"2-star","England","Greater Manchester","Radcliffe","M26 2YG","Old Cross Inn"
"2-star","England","Greater Manchester","Swinton","M27 5SN","White Swan"
"2-star","England","Greater Manchester","Tyldesley","M29 8DG","Mort Arms"
"2-star","England","Greater Manchester","Patricroft","M30 0SH","Queens Arms"
"2-star","England","Greater Manchester","Higher Blackley","M9 8WR","Duke Of Wellington"
"2-star","England","Greater Manchester","Rochdale","OL11 2JR","Bridge Inn"
"2-star","England","Greater Manchester","Stockport","SK2 6NU","Blossoms"
"2-star","England","Greater Manchester","Heaton Mersey","SK4 3AJ","Griffin"
"2-star","England","Greater Manchester","Marple","SK6 7AW","Hatters Arms"
"2-star","England","Merseyside","Liverpool","L1 9BB","Cracke"
"2-star","England","Merseyside","Liverpool","L23 3AS","Edinburgh"
"2-star","England","Merseyside","Liverpool","L23 7XY","Crows Nest"
"2-star","England","Merseyside","Liverpool","L8 4UY","Herculaneum Bridge"
"2-star","England","Merseyside","Greasby","CH49 3NG","Coach & Horses"
"2-star","England","Merseyside","Raby","CH63 4JH","Wheatsheaf Inn"
"2-star","England","Merseyside","Barnston","CH61 1BW","Fox & Hounds"
"2-star","Northern Ireland","Northern Ireland","Falls","BT12 6DE","Rock Bar"
"2-star","Northern Ireland","Northern Ireland","Cushendall","BT44 0RP","Mc Mullan's Central Bar"
"2-star","Northern Ireland","Northern Ireland","Lisburn","BT28 1TH","Smithfield House"
"2-star","Northern Ireland","Northern Ireland","Portrush","BT56 8DF","Harbour Bar"
"2-star","Northern Ireland","Northern Ireland","Hilltown","BT34 5UJ","Lowry's"
"2-star","Northern Ireland","Northern Ireland","Hilltown","BT34 5YJ","Horseshoe"
"2-star","Northern Ireland","Northern Ireland","Castledawson","BT45 8AA","Garvin's Hotel Bar"
"2-star","Northern Ireland","Northern Ireland","Moy","BT71 7SG","Tomney's Bar"
"2-star","Northern Ireland","Northern Ireland","Strabane","BT82 8EG","Farmers Home"
"2-star","Northern Ireland","Northern Ireland","Lisburn","BT27 5EA","Alexander's"
"2-star","Scotland","Borders","Jedburgh","TD8 6DQ","Railway Tavern"
"2-star","Scotland","Dumfries & Galloway","Dumfries","DG1 2JA","Globe Inn (High St)"
"2-star","Scotland","Edinburgh & The Lothians","Edinburgh","EH11 2JX","Athletic Arms [Diggers]"
"2-star","Scotland","Edinburgh & The Lothians","Edinburgh","EH12 5EY","Ryrie's"
"1-star","England","Greater London East","Plaistow","E13 0AD","Black Lion"
"1-star","England","Greater London East","Barking","IG11 7LZ","Victoria"
"1-star","England","Greater London South West","Balham","SW12 8QX","Balham Bowls Club"
"1-star","England","Greater London Central","London","W1T 4EY","Carpenters Arms"
"1-star","England","Greater London Central","London","W1G 8PJ","Kings Head"
"1-star","England","Greater London North","Upper Holloway","N19 3QN","Shaftesbury Tavern"
"1-star","England","Greater London South East","Kennington","SE11 5QY","Mc & Sons"
"1-star","England","Greater London East","Bow","E3 2AN","Little Driver"
"1-star","England","Greater London West","Isleworth","TW7 6QJ","Red Lion"
"1-star","England","Greater London North West","Harlesden","NW10 5NU","Masons Arms"
"1-star","England","Greater London South East","Rotherhithe","SE16 5EJ","Blacksmiths Arms"
"1-star","England","Greater London North","Enfield","EN2 0JG","Wonder"
"1-star","England","Greater London South West","Brixton","SW9 7LL","Hero of Switzerland"
"1-star","England","Greater London North","London","N1 0RJ","George IV"
"1-star","England","Greater London North","London","N1 8DY","Camden Head"
"1-star","England","Greater London North","Holloway","N7 0SF","Prince Edward"
"1-star","England","Greater London North","Holloway","N7 6LE","Owl & Hitchhiker"
"1-star","England","Greater London East","London","E1W 2PN","Town Of Ramsgate"
"1-star","England","Greater London West","Notting Hill","W11 4TR","Stewart Arms"
"1-star","England","Greater London South East","London","SE1 2LN","Anchor Tap"
"1-star","England","Greater London South West","Richmond","TW9 1TH","White Cross"
"1-star","England","Greater London South East","New Eltham","SE9 2DR","Beehive"
"1-star","England","Greater London South East","Bermondsey","SE1 4TR","George"
"1-star","England","Greater London Central","London","W1W 7EP","Green Man"
"1-star","England","Greater London North West","Kilburn","NW6 7SD","Kilburn Arms"
"1-star","England","Greater London West","Notting Hill","W11 2ED","Duke of Wellington"
"1-star","England","Greater London South East","Peckham","SE15 2RL","Asylum Tavern"
"1-star","England","Greater London East","Limehouse","E14 8BP","Grapes"
"1-star","England","Greater London East","Bethnal Green","E2 7RG","Royal Oak"
"1-star","England","Greater London West","Hammersmith","W6 8HJ","Pear Tree"
"1-star","England","Greater London West","Hammersmith","W6 0LS","Dartmouth Castle"
"1-star","England","Greater London South East","Walworth","SE17 2DN","Good Intent"
"1-star","England","Greater London South East","Forest Hill","SE23 1LN","Chandos"
"1-star","England","Greater London South East","Deptford","SE8 4QD","Royal George"
"1-star","England","Greater London South East","New Cross","SE14 6AG","Marquis of Granby"
"1-star","England","Greater London South East","New Cross","SE14 5AA","White Hart"
"1-star","England","Greater London North","London","N1 1QN","Kings Head"
"1-star","England","Greater London North","London","N1 4RA","Edinburgh Pub"
"1-star","England","Greater London Central","London","EC1V 4NJ","Old Red Lion"
"1-star","England","Greater London Central","London","EC1N 7TR","Craft Beer Co."
"1-star","England","Greater London North","High Barnet","EN5 5SJ","Olde Mitre Inne, Ye"
"1-star","England","Greater London West","St. Margarets","TW1 1LF","Turks Head"
"1-star","England","Greater London West","Twickenham","TW2 5BG","Sussex Arms"
"1-star","England","Greater London North","Whetstone","N20 9HH","Griffin"
"1-star","England","County Durham","Durham","DH1 3AQ","Half Moon Inn"
"1-star","England","County Durham","Leamside","DH4 6QQ","Three Horseshoes"
"1-star","England","Northumberland","Alnmouth","NE66 2RJ","Red Lion Inn"
"1-star","England","Northumberland","Amble","NE65 0AD","Schooner Inn"
"1-star","England","Northumberland","Berwick upon Tweed","TD15 1LZ","Pilot"
"1-star","England","Northumberland","Old Hartley","NE26 4RL","Delaval Arms"
"1-star","England","Northumberland","Whittingham","NE66 4RW","Bridge of Aln Hotel"
"1-star","England","County Durham","Darlington","DL3 6LR","Britannia"
"1-star","England","County Durham","Darlington","DL1 1RS","Greyhound"
"1-star","England","Tyne & Wear","Birtley","DH3 1NX","Three Tuns"
"1-star","England","Tyne & Wear","Earsdon","NE25 0SZ","Beehive"
"1-star","England","Tyne & Wear","Gateshead","NE10 0HQ","Wheat Sheaf"
"1-star","England","Tyne & Wear","Sunderland","SR4 6BU","King's Arms"
"1-star","England","Northumberland","Hexham","NE46 1BA","Globe Inn"
"1-star","England","County Durham","Darlington","DL3 9ER","Travellers Rest"
"1-star","England","Tyne & Wear","Birtley","DH3 2PQ","Railway Hotel"
"1-star","England","Cumbria","Penrith","CA11 7JE","Agricultural Inn"
"1-star","England","Cumbria","Elterwater","LA22 9HP","Britannia Inn"
"1-star","England","Greater Manchester","Manchester","M2 4BQ","City Arms"
"1-star","England","Cheshire","Arclid","CW11 2UG","Legs of Man"
"1-star","England","Cheshire","Little Leigh","CW8 4QY","Holly Bush"
"1-star","England","Cheshire","Wilmslow","SK9 5JH","Farmers Arms"
"1-star","England","Cheshire","Warrington","WA1 2SX","Bull's Head"
"1-star","England","Cheshire","Warrington","WA2 7NL","Three Pigeons"
"1-star","England","Cheshire","Lower Whitley","WA4 4EN","Chetwode Arms"
"1-star","England","Cumbria","Howtown","CA10 2ND","Howtown Hotel"
"1-star","England","Lancashire","Guide","BB1 2NG","King Edward VII"
"1-star","England","Lancashire","Darwen","BB3 0EE","Punch Hotel"
"1-star","England","Lancashire","Blackpool","FY3 9PH","Saddle Inn"
"1-star","England","Lancashire","Overton","LA3 3HD","Ship"
"1-star","England","Lancashire","Bacup","OL13 9AE","Little Queens"
"1-star","England","Lancashire","Chorley","PR7 1EP","Traders Taphouse"
"1-star","England","Greater Manchester","Horwich","BL6 7BR","Bridge Hotel"
"1-star","England","Greater Manchester","Tottington","BL8 4AW","Dungeon Inn"
"1-star","England","Greater Manchester","Moss Side","M14 4RR","Claremont"
"1-star","England","Greater Manchester","Abbey Hey","M18 8TN","Hare & Hounds"
"1-star","England","Greater Manchester","Salford","M3 7DW","Eagle Inn"
"1-star","England","Greater Manchester","Droylsden","M43 6JE","Halfway House"
"1-star","England","Greater Manchester","Whitefield","M45 6TA","Welcome"
"1-star","England","Greater Manchester","Heywood","OL10 1DL","Duke of Wellington"
"1-star","England","Greater Manchester","Rochdale","OL16 5HS","Kingsway Hotel"
"1-star","England","Greater Manchester","Mossley","OL5 9BG","Tollemache Arms"
"1-star","England","Greater Manchester","Hyde","SK14 2LX","White Lion"
"1-star","England","Greater Manchester","Hyde","SK14 2NN","Sportsman Inn"
"1-star","England","Greater Manchester","Stockport","SK4 1AR","Crown Inn"
"1-star","England","Greater Manchester","Heaton Moor","SK4 4NZ","Crown"
"1-star","England","Greater Manchester","Hale","WA14 2UN","Railway Inn"
"1-star","England","Greater Manchester","Wigan","WN1 3EF","Silverwell"
"1-star","England","Greater Manchester","Wigan","WN6 7AW","Famous Pagefield"
"1-star","England","Greater Manchester","Leigh","WN7 1EG","Boars Head"
"1-star","England","Merseyside","Wallasey","CH45 3LG","Farmers Arms"
"1-star","England","Merseyside","Liverpool","L1 1JA","Ma Egerton's"
"1-star","England","Merseyside","Liverpool","L1 1JP","Central"
"1-star","England","Merseyside","Liverpool","L1 1JP","Midland Hotel"
"1-star","England","Merseyside","Liverpool","L12 7JD","Halton Castle"
"1-star","England","Merseyside","Liverpool","L17 8UU","Albert"
"1-star","England","Merseyside","Liverpool","L19 2LS","Swan Inn"
"1-star","England","Merseyside","Liverpool","L2 2EZ","Thomas Rigby's"
"1-star","England","Merseyside","Rainhill","L35 0LP","Commercial Hotel"
"1-star","England","Merseyside","Liverpool","L4 4NU","Barlow Arms"
"1-star","England","Merseyside","Liverpool","L7 0LQ","Lister Hotel"
"1-star","England","Merseyside","Liverpool","L7 4JG","Boundary"
"1-star","England","Merseyside","Liverpool","L8 6SH","Globe"
"1-star","England","Merseyside","Liverpool","L8 6SR","Mosley Arms"
"1-star","England","Cheshire","Chester","CH1 1RQ","Albion"
"1-star","England","Cheshire","Mobberley","WA16 7BW","Bird in Hand"
"1-star","England","Cheshire","Over Peover","WA16 8TU","Park Gate Inn"
"1-star","England","Isle of Man","Douglas","IM1 2BJ","Albert Hotel"
"1-star","England","Lancashire","Blackpool","FY2 9HY","Bispham Hotel"
"1-star","England","Greater Manchester","Bolton","BL3 6DD","Sweet Green Tavern"
"1-star","England","Greater Manchester","Bury","BL9 0LA","Two Tubs"
"1-star","England","Greater Manchester","Great Moor","SK2 7NL","Travellers Call"
"1-star","England","Merseyside","New Brighton","CH45 1HP","Magazine Hotel"
"1-star","England","Merseyside","Liverpool","L4 1ST","Saddle"
"1-star","England","Merseyside","Liverpool","L7 2RF","Kensington"
"1-star","England","Cheshire","Lower Stretton","WA4 4NZ","Ring o' Bells"
"1-star","England","Greater Manchester","Bolton","BL1 1HL","Olde Man & Scythe"
"1-star","England","Greater Manchester","Audenshaw","M34 5JF","Old Pack Horse"
"1-star","England","Greater Manchester","Atherton","M46 0DG","Wheatsheaf"
"1-star","England","Greater Manchester","Wigan","WN1 1BA","Swan & Railway Hotel"
"1-star","England","Merseyside","Liverpool","L12 9HA","Crown Inn"
"1-star","England","Lancashire","Barley","BB12 9JX","Pendle Inn"
"1-star","England","Greater Manchester","Rochdale","OL12 7DQ","Royds Arms"
"1-star","England","Merseyside","Liverpool","L25 5JL","White Horse"
"1-star","England","Greater Manchester","Rochdale","OL16 2NJ","Flower Of The Valley"
"1-star","England","Merseyside","Liverpool","L36 5XE","Queens Arms"
"1-star","England","Cheshire","Over Peover","WA16 9EX","Whipping Stocks"
"1-star","England","Greater Manchester","Walkden","M28 3WY","Brindley Arms"
"1-star","Northern Ireland","Northern Ireland","Belfast","BT1 1HL","Kelly's Cellars"
"1-star","Northern Ireland","Northern Ireland","Belfast","BT1 3JL","Ronnie Drew's"
"1-star","Northern Ireland","Northern Ireland","Belfast","BT7 2EB","Hatfield House"
"1-star","Northern Ireland","Northern Ireland","Cushendall","BT44 0RR","J. McCollam"
"1-star","Northern Ireland","Northern Ireland","Cushendun","BT44 0PH","Mary McBride's"
"1-star","Northern Ireland","Northern Ireland","Newtownabbey","BT36 4RF","Crown & Shamrock Inn"
"1-star","Northern Ireland","Northern Ireland","Lisburn","BT28 1EP","Lavery's"
"1-star","Northern Ireland","Northern Ireland","Randalstown","BT41 3AB","O'Kane's"
"1-star","Northern Ireland","Northern Ireland","Meigh","BT35 8JT","Johnny Murphy's"
"1-star","Northern Ireland","Northern Ireland","Mullaghbawn","BT35 9TP","Bridge House"
"1-star","Northern Ireland","Northern Ireland","Portadown","BT62 3JQ","West End Bar"
"1-star","Northern Ireland","Northern Ireland","Poyntzpass","BT35 6SN","Railway Bar"
"1-star","Northern Ireland","Northern Ireland","Tassagh","BT60 2QE","Basil Sheils"
"1-star","Northern Ireland","Northern Ireland","Ardglass","BT30 7TR","Old Commercial Bar"
"1-star","Northern Ireland","Northern Ireland","Castlewellan","BT31 9DL","Fountain Bar"
"1-star","Northern Ireland","Northern Ireland","Castlewellan","BT31 9DF","Savages Bar"
"1-star","Northern Ireland","Northern Ireland","Hilltown","BT34 5XZ","Doran's Bar"
"1-star","Northern Ireland","Northern Ireland","Newcastle","BT33 0EY","Mackens Bar"
"1-star","Northern Ireland","Northern Ireland","Portaferry","BT22 1PB","Dumigans Bar"
"1-star","Northern Ireland","Northern Ireland","Dungannon","BT70 1DQ","McGrath's"
"1-star","Northern Ireland","Northern Ireland","Dungannon","BT70 1BJ","McKee's"
"1-star","Northern Ireland","Northern Ireland","Dungannon","BT70 1BJ","Quinn's Bar"
"1-star","Northern Ireland","Northern Ireland","Belfast","BT7 2GE","Errigle Inn"
"1-star","Northern Ireland","Northern Ireland","Dungannon","BT70 1HJ","Feeneys Bar"
"1-star","Northern Ireland","Northern Ireland","Killyleagh","BT30 9QR","Central Bar"
"1-star","Northern Ireland","Northern Ireland","Coalisland","BT71 4NB","Central Bar"
"1-star","Northern Ireland","Northern Ireland","Downpatrick","BT30 6AB","Denvir's Hotel"
"1-star","Northern Ireland","Northern Ireland","Ahoghill","BT42 2RH","Gillistown House"
"1-star","Northern Ireland","Northern Ireland","Cairncastle","BT40 2RL","Matties Meeting House"
"1-star","Scotland","Aberdeen & Grampian","Aberdeen","AB10 1JG","Ma Cameron's"
"1-star","Scotland","Aberdeen & Grampian","Aberdeen","AB24 5AP","Pittodrie Bar"
"1-star","Scotland","Aberdeen & Grampian","Aberdeen","AB10 1HF","Prince of Wales"
"1-star","Scotland","Borders","Ancrum","TD8 6XH","Ancrum Cross Keys"
"1-star","Scotland","Borders","Coldstream","TD12 4AE","Besom"
"1-star","Scotland","Borders","Galashiels","TD1 1SE","Cafe Auberge"
"1-star","Scotland","Borders","Hawick","TD9 9EH","Queens Head"
"1-star","Scotland","Loch Lomond, Stirling & The Trossachs","Falkirk","FK1 5QX","Woodside Inn"
"1-star","Scotland","Dumfries & Galloway","Annan","DG12 6AG","Blue Bell Inn"
"1-star","Scotland","Dumfries & Galloway","Dumfries","DG1 2PY","Ship Inn"
"1-star","Scotland","Dumfries & Galloway","Langholm","DG13 0JH","Buck Hotel"
"1-star","Scotland","Edinburgh & The Lothians","Edinburgh","EH8 7EH","Porters"
"1-star","Scotland","Edinburgh & The Lothians","Edinburgh","EH3 5DQ","Clark's Bar"
"1-star","Scotland","Edinburgh & The Lothians","Edinburgh","EH2 2NH","Robertson's 37 Bar"
"1-star","Scotland","Edinburgh & The Lothians","Edinburgh","EH8 9AA","Captain's Bar"
"1-star","Scotland","Edinburgh & The Lothians","Edinburgh","EH15 3QA","Sheep Heid Inn"
"1-star","Scotland","Loch Lomond, Stirling & The Trossachs","Bo'ness","EH51 0AG","Anchor Tavern"
"1-star","Scotland","Loch Lomond, Stirling & The Trossachs","Falkirk","FK2 7BY","Star"
"1-star","Scotland","Fife","Kirkcaldy","KY1 2SN","Harbour Bar"
"1-star","Scotland","Greater Glasgow & Clyde Valley","Glasgow","G41 2AD","Heraghty's Bar"
"1-star","Scotland","Aberdeen & Grampian","Banchory","AB31 5SR","Douglas Arms Hotel"
"1-star","Scotland","Aberdeen & Grampian","Stonehaven","AB39 2JY","Marine Hotel"
"1-star","Scotland","Highlands & Western Isles","Stornoway","HS1 2XF","Criterion Bar"
"1-star","Scotland","Edinburgh & The Lothians","Broxburn","EH52 5QF","Masonic Arms"
"1-star","Scotland","Edinburgh & The Lothians","Linlithgow","EH49 7EN","Crown Arms"
"1-star","Scotland","Edinburgh & The Lothians","Musselburgh","EH21 7PP","Levenhall Arms"
"1-star","Scotland","Edinburgh & The Lothians","Newtongrange","EH22 4NA","Dean Tavern"
"1-star","Scotland","Edinburgh & The Lothians","Tranent","EH33 1BL","Tower Inn"
"1-star","Scotland","Greater Glasgow & Clyde Valley","Shotts","ML7 4EP","Old Wine Store"
"1-star","Scotland","Ayrshire & Arran","Ayr","KA7 2HT","Market Inn"
"1-star","Scotland","Greater Glasgow & Clyde Valley","Bishopbriggs","G64 2LT","Quin's Bar"
"1-star","Scotland","Greater Glasgow & Clyde Valley","Bothwell","G71 8RD","Camphill Vaults"
"1-star","Scotland","Greater Glasgow & Clyde Valley","Gourock","PA19 1RF","Monteiths"
"1-star","Scotland","Greater Glasgow & Clyde Valley","Greenock","PA15 1LB","Black Cat Bar"
"1-star","Scotland","Greater Glasgow & Clyde Valley","Hamilton","ML3 0QG","Empire Bar"
"1-star","Scotland","Ayrshire & Arran","Kilmarnock","KA1 1DG","Fanny by Gaslight"
"1-star","Scotland","Greater Glasgow & Clyde Valley","Wishaw","ML2 7AU","Imperial Bar"
"1-star","Scotland","Tayside","Arbroath","DD11 1PR","Foundry Bar"
"1-star","Scotland","Tayside","Blairgowrie","PH10 6DT","Stormont Arms"
"1-star","Scotland","Tayside","Brechin","DD9 6BD","Brown Horse / Stables"
"1-star","Scotland","Edinburgh & The Lothians","Mid Calder","EH53 0AA","Black Bull"
"1-star","Scotland","Borders","Peebles","EH45 8JF","Neidpath Inn"
"1-star","Scotland","Borders","Peebles","EH45 8AW","Bridge Inn [Trust]"
"1-star","Scotland","Borders","Hawick","TD9 0AD","Exchange Bar"
"1-star","Scotland","Aberdeen & Grampian","Aberdeen","AB11 6JJ","Bridge Bar"
"1-star","Scotland","Aberdeen & Grampian","Aberdeen","AB24 5AB","Kings Bar"
"1-star","Scotland","Tayside","Brechin","DD9 6EQ","Brechin Arms"
"1-star","Scotland","Argyll & The Isles","Oban","PA34 4HS","Lochavullin"
"1-star","Scotland","Dumfries & Galloway","Dumfries","DG1 1LX","Waverley Bar"
"1-star","Scotland","Tayside","Dundee","DD1 3AP","Pillars"
"1-star","Scotland","Tayside","Dundee","DD1 4BE","Star & Garter"
"1-star","Scotland","Ayrshire & Arran","Millport: Isle of Cumbrae","KA28 0DL","Tavern"
"1-star","Scotland","Edinburgh & The Lothians","Edinburgh","EH1 2NT","Deacon Brodies Tavern"
"1-star","Scotland","Edinburgh & The Lothians","Edinburgh","EH2 4RT","Grosvenor"
"1-star","Scotland","Edinburgh & The Lothians","Edinburgh","EH2 2AA","Guildford Arms"
"1-star","Scotland","Edinburgh & The Lothians","Edinburgh","EH6 6PR","Henry Hall's Carriers Quarters"
"1-star","Scotland","Edinburgh & The Lothians","Edinburgh","EH6 6HP","Swanny's"
"1-star","Scotland","Greater Glasgow & Clyde Valley","Glasgow","G2 4JP","Griffin"
"1-star","Scotland","Greater Glasgow & Clyde Valley","Glasgow","G51 1LB","Viceroy"
"1-star","Scotland","Borders","Galashiels","TD1 1DL","Glue Pot"
"1-star","Scotland","Edinburgh & The Lothians","Edinburgh","EH6 7JT","Finch"
"1-star","Scotland","Edinburgh & The Lothians","Edinburgh","EH1 1TA","Waverley"
"1-star","England","East Sussex","Brighton","BN1 1AH","Victory Inn"
"1-star","England","East Sussex","Brighton","BN1 1HH","Pump House"
"1-star","England","East Sussex","Brighton","BN1 4AP","Brighton Tavern"
"1-star","England","East Sussex","Brighton","BN1 8RA","Ladies Mile"
"1-star","England","East Sussex","Falmer","BN1 9PD","Swan Inn"
"1-star","England","West Sussex","Lancing","BN15 9NQ","Crabtree Inn"
"1-star","England","East Sussex","Brighton","BN2 1TJ","Marine Tavern"
"1-star","England","East Sussex","Brighton","BN2 9ZA","Islingword Inn"
"1-star","England","East Sussex","Eastbourne","BN21 1HG","Prince Albert"
"1-star","England","East Sussex","Eastbourne","BN21 1HH","Lamb Inn"
"1-star","England","East Sussex","Eastbourne","BN22 7BU","Victoria Hotel"
"1-star","England","East Sussex","Litlington","BN26 5RE","Plough & Harrow"
"1-star","England","West Sussex","Southwick","BN42 4NG","Romans"
"1-star","England","West Sussex","Steyning","BN44 3RE","Chequer Inn"
"1-star","England","West Sussex","Steyning","BN44 3YB","Norfolk Arms"
"1-star","England","West Sussex","Keymer","BN6 8QT","Greyhound Inn"
"1-star","England","East Sussex","Plumpton Green","BN7 3DF","Plough Inn"
"1-star","England","East Sussex","Newhaven","BN9 9QL","Prince of Wales"
"1-star","England","Kent","Ramsgate","CT11 8LP","Queens Head"
"1-star","England","Kent","Herne Bay","CT6 5DS","Prince of Wales"
"1-star","England","Kent","Margate","CT9 1HT","Rose In June"
"1-star","England","Kent","Dartford","DA1 1LP","Malt Shovel"
"1-star","England","Surrey","Churt","GU10 2JS","Crossways Inn"
"1-star","England","West Sussex","Elsted","GU29 0JY","Three Horseshoes"
"1-star","England","Surrey","Chiddingfold","GU8 4TX","Crown Inn"
"1-star","England","Surrey","Claygate","KT10 0JY","Winning Horse"
"1-star","England","Kent","Upper Upnor","ME2 4XG","King's Arms"
"1-star","England","Kent","Upper Upnor","ME2 4XG","Tudor Rose"
"1-star","England","Oxfordshire","Oxford","OX1 3SP","King's Arms"
"1-star","England","Oxfordshire","Abingdon","OX14 3HG","Punchbowl"
"1-star","England","Oxfordshire","Banbury","OX16 5NA","Olde Reine Deer Inn"
"1-star","England","Oxfordshire","Christmas Common","OX49 5HL","Fox & Hounds"
"1-star","England","West Sussex","Itchenor","PO20 7AH","Ship"
"1-star","England","West Sussex","Barnham","PO22 0AS","Murrell Arms"
"1-star","England","West Sussex","Felpham","PO22 7EH","Fox Inn"
"1-star","England","Isle of Wight","Ventnor","PO38 1ES","Volunteer"
"1-star","England","Hampshire","Portsmouth","PO4 9HT","Eastfield"
"1-star","England","Hampshire","Portsmouth","PO5 2SL","Fifth Hants Volunteer Arms"
"1-star","England","Berkshire","Reading","RG1 4EH","Retreat"
"1-star","England","Hampshire","Hartley Wintney","RG27 8NY","Waggon & Horses"
"1-star","England","Berkshire","Wokingham","RG40 1BP","Queen's Head"
"1-star","England","Surrey","Bletchingley","RH1 4QF","William IV"
"1-star","England","West Sussex","Crawley","RH10 1BQ","White Hart"
"1-star","England","West Sussex","Coolham","RH13 8QJ","Selsey Arms"
"1-star","England","East Sussex","Danehill","RH17 7JF","Coach & Horses"
"1-star","England","Surrey","Betchworth","RH3 7DW","Dolphin"
"1-star","England","Buckinghamshire","Hedgerley","SL2 3UY","White Horse"
"1-star","England","Oxfordshire","Coleshill","SN6 7PR","Radnor Arms"
"1-star","England","Hampshire","Winchester","SO23 9EX","Eclipse Inn"
"1-star","England","East Sussex","Fletching","TN22 3SS","Griffin Inn"
"1-star","England","East Sussex","Blackboys","TN22 5LG","Blackboys Inn"
"1-star","England","Kent","Biddenden","TN27 8LW","Three Chimneys"
"1-star","England","Kent","Groombridge","TN3 9QH","Crown Inn"
"1-star","England","East Sussex","Rye","TN31 7DH","Pipemakers Arms"
"1-star","England","East Sussex","Rye","TN31 7EN","Old Bell Inn"
"1-star","England","East Sussex","Rye","TN31 7EY","Mermaid Inn"
"1-star","England","East Sussex","Hastings","TN34 3BE","Cinque Ports Arms"
"1-star","England","East Sussex","Bexhill on Sea","TN39 5AB","New Inn"
"1-star","England","East Sussex","Colemans Hatch","TN7 4EJ","Hatch Inn"
"1-star","England","Kent","Chiddingstone","TN8 7AH","Castle Inn"
"1-star","England","Kent","St Nicholas-at-Wade","CT7 0NT","Bell Inn"
"1-star","England","Kent","Pluckley","TN27 0RR","Dering Arms"
"1-star","England","Kent","Smeeth","TN25 6RX","Woolpack Inn"
"1-star","England","East Sussex","Udimore","TN31 6BG","King's Head"
"1-star","England","Hampshire","Portsmouth","PO5 3DE","Barley Mow"
"1-star","England","Hampshire","Bighton","SO24 9RE","Three Horseshoes"
"1-star","England","East Sussex","St. Leonards on Sea","TN38 0AA","Bo Peep"
"1-star","England","East Sussex","Eastbourne","BN21 4XF","Dolphin"
"1-star","England","East Sussex","Rottingdean","BN2 7HD","Plough Inn"
"1-star","England","Kent","Maidstone","ME14 1EU","Rifle Volunteers"
"1-star","England","East Sussex","Portslade","BN41 2RB","Mile Oak Inn"
"1-star","England","Kent","Brompton","ME7 5AS","Cannon"
"1-star","England","Kent","Canterbury","CT2 8BS","Unicorn"
"1-star","England","Kent","Rochester","ME1 1HS","Nags Head"
"1-star","England","Surrey","Mugswell","CR5 3SQ","Well House Inn"
"1-star","England","Channel Islands - Jersey","St Helier","JE2 4SL","Prince of Wales Tavern"
"1-star","England","Cornwall","Boscastle","PL35 0BD","Napoleon Inn"
"1-star","England","Cornwall","Philleigh","TR2 5NB","Roseland Inn"
"1-star","England","Cornwall","Port Isaac","PL29 3RB","Golden Lion"
"1-star","England","Cornwall","St Agnes","TR5 0TJ","Railway Inn"
"1-star","England","Cornwall","Stratton","EX23 9DA","Tree Inn"
"1-star","England","Cornwall","Tregadillett","PL15 7EU","Eliot Arms"
"1-star","England","Devon","Berrynarbor","EX34 9SG","Olde Globe Inn"
"1-star","England","Devon","Chagford","TQ13 8AJ","Globe Inn"
"1-star","England","Devon","Horsebridge","PL19 8PJ","Royal Inn"
"1-star","England","Devon","Iddesleigh","EX19 8BG","Duke of York"
"1-star","England","Devon","Ilfracombe","EX34 9PG","Thatched Inn"
"1-star","England","Devon","Lydford","EX20 4BH","Castle Inn"
"1-star","England","Devon","Newton Abbot","TQ12 2LD","Olde Cider Bar"
"1-star","England","Devon","Paignton","TQ4 5NG","Devonport Arms"
"1-star","England","Devon","Ringmore","TQ7 4HL","Journey's End Inn"
"1-star","England","Devon","Stoke Gabriel","TQ9 6SD","Church House Inn"
"1-star","England","Devon","Teignmouth","TQ14 8EG","Teign Brewery Inn"
"1-star","England","Dorset","Bridport","DT6 3NQ","George Hotel"
"1-star","England","Dorset","Langton Matravers","BH19 3HA","King's Arms"
"1-star","England","Dorset","Portland","DT5 2AP","George Inn"
"1-star","England","Dorset","Sherborne","DT9 3NS","Digby Tap"
"1-star","England","Dorset","Weymouth","DT4 8JH","Boot Inn"
"1-star","England","Gloucestershire & Bristol","Ford","GL54 5RU","Plough Inn"
"1-star","England","Gloucestershire & Bristol","May Hill","GL17 0NN","Glasshouse Inn"
"1-star","England","Gloucestershire & Bristol","Newland","GL16 8NP","Ostrich"
"1-star","England","Gloucestershire & Bristol","Tewkesbury","GL20 5PA","Berkeley Arms"
"1-star","England","Gloucestershire & Bristol","Tewkesbury","GL20 5BJ","Olde Black Bear"
"1-star","England","Gloucestershire & Bristol","Winterbourne","BS36 1PT","Masons Arms"
"1-star","England","Somerset","Appley","TA21 0HJ","Globe Inn"
"1-star","England","Somerset","Bath","BA1 1NG","Ale House"
"1-star","England","Somerset","Clapton-In-Gordano","BS20 7RH","Black Horse"
"1-star","England","Somerset","Kelston","BA1 9AQ","Old Crown"
"1-star","England","Somerset","Keynsham","BS31 1ER","Ship Inn"
"1-star","England","Somerset","Nailsea","BS48 4DE","Blue Flame Inn"
"1-star","England","Somerset","Porlock","TA24 8QD","Ship Inn"
"1-star","England","Wiltshire","Broughton Gifford","SN12 8LX","Bell on the Common"
"1-star","England","Wiltshire","Devizes","SN10 1BT","Lamb"
"1-star","England","Wiltshire","Salisbury","SP1 2AS","Rai d'Or"
"1-star","England","Somerset","Emborough","BA3 4SA","Old Down Inn"
"1-star","England","Wiltshire","Bradford-on-Avon","BA15 1RT","Dog & Fox"
"1-star","England","Cornwall","Tywardreath","PL24 2QP","New Inn"
"1-star","England","Cornwall","Portscatho","TR2 5HW","Plume of Feathers"
"1-star","England","Cornwall","St Teath","PL30 3JX","White Hart Inn"
"1-star","England","Dorset","Powerstock","DT6 3TF","Three Horseshoes"
"1-star","England","Gloucestershire & Bristol","Bristol","BS3 1RF","Avon Packet"
"1-star","Wales","Glamorgan","Barry","CF63 1BD","Witchill Hotel"
"1-star","Wales","Glamorgan","Barry","CF63 3NQ","Castle Hotel"
"1-star","England","Cumbria","Carlisle","CA1 1QS","Cumberland Inn"
"1-star","England","Gloucestershire & Bristol","Bristol","BS2 0DF","Palace"
"1-star","England","Gloucestershire & Bristol","Purton","GL13 9HU","Berkeley Arms"
"1-star","England","Greater London North","Tottenham","N17 9BQ","Beehive"
"1-star","England","Shropshire","Edgerley","SY10 8ES","Royal Hill Inn"
"1-star","England","Shropshire","Selattyn","SY10 7DH","Docks"
"1-star","England","Warwickshire","Five Ways","CV35 7JD","Case is Altered"
"1-star","England","West Midlands","Birmingham","B5 6LE","Market Tavern"
"1-star","Scotland","Borders","Oxton","TD2 6PN","Tower Hotel"
"1-star","Scotland","Borders","Tweedsmuir","ML12 6QN","Crook Inn"
"1-star","Scotland","Greater Glasgow & Clyde Valley","Larkhall","ML9 1AQ","Village Tavern"
"1-star","England","Warwickshire","Leamington Spa","CV32 5PZ","White Horse"
"1-star","England","East Yorkshire","Beverley","HU17 8JG","Tiger Inn"
"1-star","England","Greater Manchester","Oldham","OL9 7BN","Royal Oak"
"1-star","England","West Yorkshire","Wakefield","WF2 8TS","Redoubt"
"1-star","England","Buckinghamshire","Hambleden","RG9 6RP","Stag & Huntsman"
"1-star","England","East Sussex","Eastbourne","BN22 7QX","King's Arms"
"1-star","England","County Durham","Durham","DH1 3HN","Dun Cow"
"1-star","England","Herefordshire","Craswall","HR2 0PN","Bull's Head"
"1-star","England","North Yorkshire","Settle","BD24 9ED","Royal Oak"
"1-star","England","Gloucestershire & Bristol","Staunton","GL19 3RF","Prince of Wales"
"1-star","England","Cheshire","Orford","WA2 7RX","Orford Hotel"
"1-star","England","Cambridgeshire","Little Gransden","SG19 3DW","Chequers"
"1-star","England","Essex","Pleshey","CM3 1HG","Leather Bottle"
"1-star","England","Essex","South Weald","CM14 5QJ","Tower Arms"
"1-star","England","Hertfordshire","Bushey","WD23 3EE","Swan"
"1-star","England","Hertfordshire","Hertford","SG14 1HH","White Horse"
"1-star","England","Norfolk","Blickling","NR11 6NF","Bucks Arms"
"1-star","England","Norfolk","Burnham Thorpe","PE31 8HL","Lord Nelson"
"1-star","England","Norfolk","Downham Market","PE38 9DH","Crown Hotel"
"1-star","England","Norfolk","Heydon","NR11 6AD","Earle Arms"
"1-star","England","Norfolk","Norwich","NR3 1RZ","Adam & Eve"
"1-star","England","Norfolk","Norwich","NR1 3EN","Berstrete Gates"
"1-star","England","Norfolk","Snettisham","PE31 7LX","Rose & Crown"
"1-star","England","Suffolk","Ipswich","IP4 2SH","Woolpack"
"1-star","England","Suffolk","Orford","IP12 2NU","Jolly Sailor"
"1-star","England","Suffolk","Rumburgh","IP19 0NT","Buck"
"1-star","England","Suffolk","Southwold","IP18 6DP","Crown"
"1-star","England","Suffolk","Walberswick","IP18 6TN","Bell Inn"
"1-star","England","Cambridgeshire","Eaton Socon","PE19 8EL","White Horse"
"1-star","England","Essex","Goldhanger","CM9 8AS","Chequers"
"1-star","England","Essex","Tolleshunt D'Arcy","CM9 8TF","Queen's Head"
"1-star","England","Hertfordshire","Buntingford","SG9 9AB","Crown"
"1-star","England","Hertfordshire","Ley Green","SG4 8LA","Plough"
"1-star","England","Norfolk","Alpington","NR14 7NL","Wheel of Fortune"
"1-star","England","Norfolk","Blakeney","NR25 7NQ","Kings Arms"
"1-star","England","Norfolk","Great Yarmouth","NR30 1DB","Coach & Horses"
"1-star","England","Norfolk","Larling","NR16 2QU","Angel"
"1-star","England","Norfolk","Norwich","NR3 1DD","Golden Star"
"1-star","England","Norfolk","Norwich","NR3 1LB","Maids Head Hotel"
"1-star","England","Norfolk","Norwich","NR3 4BA","Whalebone"
"1-star","England","Suffolk","Flempton","IP28 6EL","Greyhound"
"1-star","England","Suffolk","Ipswich","IP3 9NF","Golden Hind"
"1-star","England","Bedfordshire","Houghton Regis","LU5 5LB","Crown"
"1-star","England","Bedfordshire","Totternhoe","LU6 2DA","Cross Keys"
"1-star","England","Bedfordshire","Totternhoe","LU6 1RE","Old Farm Inn"
"1-star","England","Suffolk","Bungay","NR35 1EF","Green Dragon"
"1-star","England","Suffolk","Long Melford","CO10 9JG","Bull"
"1-star","England","Essex","Rochford","SS4 1AB","Rose & Crown"
"1-star","England","Norfolk","Gorleston","NR31 6LR","Kevill Arms"
"1-star","England","Norfolk","Cromer","NR27 9HD","Red Lion Hotel"
"1-star","England","Norfolk","North Wootton","PE30 3RE","House on the Green"
"1-star","England","Norfolk","South Wootton","PE30 3NG","Swan Inn"
"1-star","England","Norfolk","Thorpe St. Andrew","NR7 0DR","Gordon"
"1-star","England","Norfolk","Great Yarmouth","NR30 4BW","Avenue"
"1-star","England","Hertfordshire","Ware","SG12 9EX","Albion"
"1-star","England","Hertfordshire","Hatfield","AL9 5AT","Horse & Groom"
"1-star","England","Essex","Harlow","CM20 2NB","White Admiral"
"1-star","England","Suffolk","Shotley","IP9 1NL","Rose"
"1-star","England","Greater London South West","Kingston","KT1 3BB","Duke of Buckingham"
"1-star","England","Greater London East","London","E1 6LY","Ten Bells"
"1-star","England","Greater London East","Isle of Dogs","E14 3ND","George"
"1-star","England","Greater London East","Clapton","E5 0LF","Elderfield"
"1-star","England","Greater London Central","London","EC2A 4RD","Griffin"
"1-star","England","Greater London Central","London","EC3V 1LR","Lamb Tavern"
"1-star","England","Greater London North","Enfield","EN2 6SE","Old Wheatsheaf"
"1-star","England","Greater London North","Stoke Newington","N16 8NN","Army & Navy"
"1-star","England","Greater London North West","Hampstead","NW3 2SB","Magdala"
"1-star","England","Greater London North West","Kentish Town","NW5 2TG","Assembly House"
"1-star","England","Greater London North West","Kentish Town","NW5 2TJ","Bull & Gate"
"1-star","England","Greater London North West","Kentish Town","NW5 4HX","Lord Southampton"
"1-star","England","Greater London North West","Mill Hill","NW7 4EY","Rising Sun"
"1-star","England","Greater London South East","Plumstead","SE18 2UL","Star"
"1-star","England","Greater London South West","Balham","SW12 9AN","Devonshire"
"1-star","England","Greater London South West","East Sheen","SW14 8AH","Hare & Hounds"
"1-star","England","Greater London South West","London","SW1V 4LD","White Ferry House"
"1-star","England","Greater London South West","Fulham","SW6 1RX","Atlas"
"1-star","England","Greater London West","West Ealing","W13 8DL","Duke Of Kent"
"1-star","England","Greater London Central","London","W1G 6PD","Inn 1888"
"1-star","England","Greater London West","Chiswick","W4 5TF","Old Pack Horse"
"1-star","England","Greater London West","South Ealing","W5 4RL","Ealing Park Tavern"
"1-star","England","Greater London West","Maida Vale","W9 2AF","Squirrel"
"1-star","England","Greater London West","Maida Vale","W9 2PX","Warwick Castle"
"1-star","England","Greater London Central","London","WC1B 3BA","Museum Tavern"
"1-star","England","Greater London Central","London","WC1N 3LZ","Lamb"
"1-star","England","Greater London East","Romford","RM1 2HD","Wheatsheaf"
"1-star","England","Greater London Central","London","WC1X 9NB","Queen's Head"
"1-star","England","Greater London Central","London","W1D 7NE","St. James Tavern"
"1-star","England","Greater London Central","London","EC1M 6AA","Fox & Anchor"
"1-star","England","Greater London Central","London","EC1M 6BH","Hope"
"1-star","England","Greater London East","Stratford","E15 4BQ","King Edward VII"
"1-star","England","Greater London North","Crouch End","N8 8DH","Railway Tavern"
"1-star","England","Greater London North West","Hampstead","NW3 7JJ","Spaniards Inn"
"1-star","England","Greater London South East","London","SE1 2TF","Shipwrights Arms"
"1-star","England","Greater London Central","London","W1J 5LD","Coach & Horses"
"1-star","England","Greater London West","Hanwell","W7 2PJ","Fox"
"1-star","England","Greater London North","Highgate","N6 4AA","Wrestlers"
"1-star","England","Greater London North West","Kentish Town","NW5 1AG","Junction Tavern"
"1-star","England","Greater London North West","London","NW1 0TH","Golden Lion"
"1-star","England","Greater London Central","London","W1G 7EQ","Jackalope"
"1-star","England","Greater London Central","London","W1B 5QH","Clachan"
"1-star","England","Greater London South West","London","SW1X 8HT","Star Tavern"
"1-star","England","Greater London Central","London","W1U 1LP","Duchess"
"1-star","England","Greater London North West","Pinner","HA5 5PJ","Queen's Head"
"1-star","England","Greater London South East","Chelsfield","BR6 7RE","Five Bells"
"1-star","England","Greater London South West","Richmond","TW9 1YJ","Red Cow"
"1-star","England","Greater London South West","London","SW1Y 6PP","Red Lion"
"1-star","England","Greater London South West","Battersea","SW8 4AG","Flanagan's of Battersea"
"1-star","England","Greater London South West","Tooting","SW17 9NG","Antelope"
"1-star","England","Greater London Central","London","W1U 2NY","Golden Eagle"
"1-star","England","Greater London North","London","N1 7TA","Wenlock Arms"
"1-star","England","Greater London North West","London","NW1 2AL","Rocket"
"1-star","England","Greater London Central","London","WC1X 9AA","Union Tavern"
"1-star","England","Greater London East","Leytonstone","E11 3AR","North Star"
"1-star","Wales","Glamorgan","Cardiff","CF10 1BG","Old Arcade"
"1-star","Wales","Glamorgan","East Aberthaw","CF62 3DD","Blue Anchor"
"1-star","Wales","Glamorgan","Hendreforgan","CF39 8YL","Griffin Inn"
"1-star","Wales","Glamorgan","Kenfig","CF33 4PR","Prince of Wales"
"1-star","Wales","Glamorgan","Llanwonno","CF37 3PH","Brynffynon Hotel"
"1-star","Wales","Glamorgan","Monknash","CF71 7QQ","Plough & Harrow"
"1-star","Wales","Glamorgan","Penderyn","CF44 9JX","Lamb Hotel"
"1-star","Wales","Glamorgan","Pontardawe","SA8 4JN","Ivy Bush Hotel"
"1-star","Wales","Glamorgan","Pontypridd","CF37 4PE","Llanover Arms"
"1-star","Wales","Glamorgan","Swansea","SA1 1EG","No Sign Bar"
"1-star","Wales","Glamorgan","Upper Killay","SA2 7DS","Railway Inn"
"1-star","Wales","Glamorgan","Ystalyfera","SA9 2LX","Wern Fawr"
"1-star","Wales","Gwent","Abergavenny","NP7 5EG","Hen & Chickens"
"1-star","Wales","Gwent","Abergavenny","NP7 5UH","Station Hotel"
"1-star","Wales","Gwent","Abersychan","NP4 8PP","Rising Sun"
"1-star","Wales","Gwent","Abersychan","NP4 7BQ","White Hart Inn"
"1-star","Wales","Gwent","Monmouth","NP25 3DR","Old Nags Head"
"1-star","Wales","Gwent","Monmouth","NP25 3GA","Royal Oak Inn"
"1-star","Wales","Gwent","Shirenewton","NP16 6BU","Carpenters Arms"
"1-star","Wales","Gwent","Usk","NP15 1AT","Royal Hotel"
"1-star","Wales","Mid Wales","Llanfyllin","SY22 5AQ","Cain Valley Hotel"
"1-star","Wales","Mid Wales","Llangurig","SY18 6SG","Bluebell Inn"
"1-star","Wales","Mid Wales","Llanidloes","SY18 6AB","Mount Inn"
"1-star","Wales","Mid Wales","Llanwrtyd Wells","LD5 4RB","Neuadd Arms Hotel"
"1-star","Wales","Mid Wales","Talybont-on-Usk","LD3 7YX","Star Inn"
"1-star","Wales","North-East Wales","Brymbo","LL11 5DA","George & Dragon"
"1-star","Wales","North-East Wales","Corwen","LL21 0AH","Crown Hotel"
"1-star","Wales","North-East Wales","Cyffyliog","LL15 2DN","Red Lion Hotel"
"1-star","Wales","North-East Wales","Gresford","LL12 8RG","Griffin Inn"
"1-star","Wales","North-East Wales","Rhewl","LL20 7YT","Sun Inn"
"1-star","Wales","North-West Wales","Beaumaris","LL58 8AP","Bull"
"1-star","Wales","North-West Wales","Caernarfon","LL55 1RW","Black Boy Inn"
"1-star","Wales","North-West Wales","Cemaes Bay","LL67 0HH","Olde Vigour Hotel"
"1-star","Wales","North-West Wales","Dinas Mawddwy","SY20 9JA","Red Lion"
"1-star","Wales","North-West Wales","Llanbedr-y-Cennin","LL32 8JB","Olde Bull Inn"
"1-star","Wales","North-West Wales","Llanfihangel Glyn Myfyr","LL21 9UL","Crown Inn"
"1-star","Wales","West Wales","Angle","SA71 5AS","Old Point House"
"1-star","Wales","West Wales","Carmarthen","SA31 1TN","Plume of Feathers Inn"
"1-star","Wales","West Wales","Carmarthen","SA31 1JR","Queen's Hotel"
"1-star","Wales","West Wales","Llanddewi Brefi","SY25 6RS","New Inn"
"1-star","Wales","West Wales","Llanelli","SA15 1EZ","Halfway Hotel"
"1-star","Wales","West Wales","Pembroke Dock","SA72 6AX","Charlton Hotel"
"1-star","Wales","West Wales","Trapp","SA19 6TP","Cennen Arms"
"1-star","Wales","West Wales","Tregaron","SY25 6JL","Talbot"
"1-star","Wales","Glamorgan","Cymmer","SA13 3HY","Refreshment Rooms"
"1-star","England","Herefordshire","Hereford","HR4 9EZ","Oxford Arms"
"1-star","England","Herefordshire","Leominster","HR6 8AE","Chequers"
"1-star","England","Herefordshire","Leominster","HR6 8BS","Grape Vaults"
"1-star","England","Herefordshire","Norton Canon","HR4 7BH","Three Horseshoes"
"1-star","England","Herefordshire","Peterchurch","HR2 0SJ","Nags Head"
"1-star","England","Shropshire","Pentreheyling","SY15 6SP","Blue Bell"
"1-star","England","Staffordshire","Elford","B79 9DB","Crown Inn"
"1-star","England","Staffordshire","Leek","ST13 5HJ","Town Crier"
"1-star","England","Staffordshire","Stoke-on-Trent","ST1 2JS","Golden Cup Inn"
"1-star","England","Staffordshire","Stoke-on-Trent","ST4 7NH","Jolly Potters"
"1-star","England","Staffordshire","Stoke-on-Trent","ST4 1NL","Staff of Life"
"1-star","England","Warwickshire","Alcester","B49 5QX","Holly Bush Inn"
"1-star","England","Warwickshire","Corley Moor","CV7 8AQ","Bull & Butcher"
"1-star","England","Warwickshire","Leamington Spa","CV32 4SX","Somerville Arms"
"1-star","England","Warwickshire","Rugby","CV21 3ST","Victoria Inn"
"1-star","England","West Midlands","Bloxwich","WS3 2JN","Bell"
"1-star","England","West Midlands","Birmingham","B12 0NH","Spotted Dog"
"1-star","England","West Midlands","Birmingham","B23 6UT","New Inns"
"1-star","England","West Midlands","Birmingham","B21 9QY","Farcroft Hotel"
"1-star","England","West Midlands","Birmingham","B17 0BB","Bell"
"1-star","England","West Midlands","Birmingham","B13 8HW","Fighting Cocks"
"1-star","England","West Midlands","Birmingham","B13 8EE","Prince of Wales"
"1-star","England","West Midlands","Stourbridge","DY8 1TS","Mitre"
"1-star","England","West Midlands","Walsall","WS2 8QH","Rose & Crown"
"1-star","England","West Midlands","Wednesbury","WS10 9ED","Old Blue Ball"
"1-star","England","West Midlands","Wednesbury","WS10 9DW","Olde Leathern Bottel"
"1-star","England","West Midlands","Wolverhampton","WV3 0TY","Combermere Arms"
"1-star","England","West Midlands","Wolverhampton","WV6 0DW","Newhampton"
"1-star","England","West Midlands","Wolverhampton","WV1 4PB","Stile Inn"
"1-star","England","Worcestershire","Worcester","WR2 5AD","Bush & Vine"
"1-star","England","Herefordshire","Hereford","HR4 9NF","Golden Lion"
"1-star","England","Shropshire","Bishop's Castle","SY9 5BN","Castle Hotel"
"1-star","England","Shropshire","Oswestry","SY11 2SZ","Oak Inn"
"1-star","England","Shropshire","Shrewsbury","SY1 2DZ","Woodman"
"1-star","England","Staffordshire","Stoke-on-Trent","ST2 9AW","Travellers Rest"
"1-star","England","Warwickshire","Mancetter","CV9 1NE","Blue Boar"
"1-star","England","West Midlands","Coventry: City Centre","CV1 4AH","Town Wall Tavern"
"1-star","England","West Midlands","Birmingham","B13 8PQ","Highbury"
"1-star","England","West Midlands","Birmingham","B5 6TG","Town Crier"
"1-star","England","Herefordshire","Ledbury","HR8 2DX","Talbot Hotel"
"1-star","England","Worcestershire","Worcester","WR1 3QT","Cricketers"
"1-star","England","Worcestershire","Birtsmorton","WR13 6AP","Farmers Arms"
"1-star","England","Worcestershire","Grimley","WR2 6LX","Camp House Inn"
"1-star","England","Worcestershire","Stoke Works","B60 4BH","Bowling Green"
"1-star","England","West Midlands","Bearwood","B67 5RA","Abbey"
"1-star","England","Worcestershire","Worcester","WR2 5AG","Bell"
"1-star","England","Derbyshire","Belper","DE56 1FF","Queen's Head"
"1-star","England","Derbyshire","Buxton","SK17 6HB","Swan Hotel"
"1-star","England","Derbyshire","Chesterfield","S40 1PX","Royal Oak"
"1-star","England","Derbyshire","Crich","DE4 5DP","Cliff Inn"
"1-star","England","Derbyshire","Cromford","DE4 3RF","Bell Inn"
"1-star","England","Derbyshire","Earl Sterndale","SK17 0BU","Quiet Woman"
"1-star","England","Derbyshire","Matlock","DE4 3JQ","Thorn Tree Inn"
"1-star","England","Derbyshire","Derby","DE23 6UJ","Falstaff"
"1-star","England","Derbyshire","Derby","DE23 8DF","Norman Arms"
"1-star","England","Derbyshire","Pleasley Village","NG19 7PA","Nags Head"
"1-star","England","Derbyshire","Rowsley","DE4 2EB","Peacock"
"1-star","England","Derbyshire","Stanton in Peak","DE4 2LW","Flying Childers Inn"
"1-star","England","Derbyshire","Ticknall","DE73 7JH","Chequers Inn"
"1-star","England","Leicestershire","Barwell","LE9 8DR","Queens Head"
"1-star","England","Leicestershire","Earl Shilton","LE9 7DR","Dog & Gun"
"1-star","England","Leicestershire","Hathern","LE12 5HY","Dew Drop"
"1-star","England","Leicestershire","Kegworth","DE74 2FR","Anchor Inn"
"1-star","England","Leicestershire","Kegworth","DE74 2DA","Red Lion"
"1-star","England","Leicestershire","Loughborough","LE11 5BE","Swan in the Rushes"
"1-star","England","Leicestershire","Sileby","LE12 7NW","White Swan"
"1-star","England","Lincolnshire","Cleethorpes","DN35 9ND","Crows Nest"
"1-star","England","Lincolnshire","Cleethorpes","DN35 8EU","Nottingham House"
"1-star","England","Lincolnshire","Grimsby","DN32 7AG","Corporation Arms"
"1-star","England","Lincolnshire","Lincoln","LN2 1DH","Still"
"1-star","England","Lincolnshire","Louth","LN11 9YD","Wheatsheaf"
"1-star","England","Lincolnshire","Skegness","PE25 3DB","Vine Hotel"
"1-star","England","Lincolnshire","South Reston","LN11 8JQ","Waggon & Horses"
"1-star","England","Nottinghamshire","Awsworth","NG16 2RN","Gate Inn"
"1-star","England","Nottinghamshire","Caythorpe","NG14 7ED","Black Horse"
"1-star","England","Nottinghamshire","Colston Bassett","NG12 3FD","Martins Arms"
"1-star","England","Nottinghamshire","Eakring","NG22 0DG","Savile Arms"
"1-star","England","Nottinghamshire","Gotham","NG11 0JL","Cuckoo Bush Inn"
"1-star","England","Nottinghamshire","Linby","NG15 8AE","Horse & Groom"
"1-star","England","Nottinghamshire","Maplebeck","NG22 0BS","Beehive"
"1-star","England","Nottinghamshire","Nottingham","NG6 9JS","Abbey"
"1-star","England","Nottinghamshire","Nottingham","NG1 3FB","Peacock Hotel"
"1-star","England","Nottinghamshire","Nottingham","NG1 7AA","Salutation Inn"
"1-star","England","Nottinghamshire","Nottingham","NG7 3EN","Plough Inn"
"1-star","England","Nottinghamshire","Nottingham","NG2 4FA","Lord Nelson"
"1-star","England","Nottinghamshire","Nottingham","NG3 2NB","March Hare"
"1-star","England","Nottinghamshire","Nottingham","NG8 2AF","Admiral Rodney"
"1-star","England","Nottinghamshire","Rempstone","LE12 6RH","White Lion"
"1-star","England","Nottinghamshire","Watnall","NG16 1HT","Queens Head"
"1-star","England","Lincolnshire","Scunthorpe","DN16 3BJ","Sherpa"
"1-star","England","Northamptonshire","Wellingborough","NN8 4AL","Locomotive"
"1-star","England","Nottinghamshire","Nottingham","NG2 2GR","Embankment"
"1-star","England","Nottinghamshire","Retford","DN22 7UZ","Galway Arms"
"1-star","England","Derbyshire","Derby","DE1 3EE","Seven Stars Inn"
"1-star","England","East Yorkshire","Hull","HU3 2AB","Alexandra Hotel"
"1-star","England","East Yorkshire","Hull","HU1 1RQ","Old Blue Bell"
"1-star","England","East Yorkshire","Hull","HU5 2PY","St Johns Hotel"
"1-star","England","East Yorkshire","Hull","HU9 1BE","Windmill Hotel"
"1-star","England","North Yorkshire","Arncliffe","BD23 5QE","Falcon Inn"
"1-star","England","North Yorkshire","Bilsdale","TS9 7LQ","Sun Inn"
"1-star","England","North Yorkshire","Harmby","DL8 5PA","Pheasant Inn"
"1-star","England","North Yorkshire","Langdale End","YO13 0BN","Moorcock Inn"
"1-star","England","North Yorkshire","Malton","YO17 7JF","Blue Ball"
"1-star","England","North Yorkshire","Malton","YO17 7JN","Spotted Cow"
"1-star","England","North Yorkshire","Oswaldkirk","YO62 5XT","Malt Shovel"
"1-star","England","North Yorkshire","Saxton","LS24 9PY","Greyhound"
"1-star","England","North Yorkshire","Tadcaster","LS24 9HJ","Jackdaw"
"1-star","England","North Yorkshire","York","YO10 4BE","Lighthorseman"
"1-star","England","North Yorkshire","York","YO10 3AY","Magnet"
"1-star","England","North Yorkshire","York","YO1 8AS","Olde Starre Inn"
"1-star","England","North Yorkshire","York","YO30 7BH","Minster Inn"
"1-star","England","South Yorkshire","Doncaster","DN1 1ND","Masons Arms"
"1-star","England","South Yorkshire","Doncaster","DN5 9AG","Three Horse Shoes"
"1-star","England","South Yorkshire","Sheffield","S35 0GY","Travellers Rest"
"1-star","England","South Yorkshire","Sheffield: East","S13 9BZ","Chantry Inn"
"1-star","England","South Yorkshire","Sheffield","S2 1UJ","Manor Castle"
"1-star","England","South Yorkshire","Sheffield","S9 1BE","Railway"
"1-star","England","West Yorkshire","Bramham","LS23 6QA","Swan"
"1-star","England","West Yorkshire","Dewsbury","WF13 2AL","Bath Hotel"
"1-star","England","West Yorkshire","Dewsbury","WF13 1QY","Dewsbury Central Station Hotel"
"1-star","England","West Yorkshire","Ferrybridge","WF11 8ND","Golden Lion"
"1-star","England","West Yorkshire","Halifax","HX2 0HG","New Street Hotel"
"1-star","England","West Yorkshire","Halifax","HX1 2HX","Royal Oak"
"1-star","England","West Yorkshire","Pellon","HX2 0HF","Halfway House"
"1-star","England","West Yorkshire","Halifax","HX1 1JB","Gundog"
"1-star","England","West Yorkshire","Huddersfield","HD1 2QF","Albert Hotel"
"1-star","England","West Yorkshire","Kirkheaton","HD5 0BH","Beaumont Arms"
"1-star","England","West Yorkshire","Leeds","LS2 3ED","Fenton Hotel"
"1-star","England","West Yorkshire","Leeds","LS12 4SL","Hanover Arms"
"1-star","England","West Yorkshire","Leeds","LS2 9DX","Pack Horse"
"1-star","England","West Yorkshire","Leeds","LS3 1LY","Highland Laddie"
"1-star","England","West Yorkshire","Leeds","LS2 7NU","Templar"
"1-star","England","West Yorkshire","Shipley","BD18 3PR","Ring O' Bells"
"1-star","England","West Yorkshire","Sowerby Bridge","HX6 2UG","White Horse"
"1-star","England","North Yorkshire","Northallerton","DL7 8EG","Mason's Arms"
"1-star","England","East Yorkshire","Hull","HU6 7LD","Haworth Arms"
"1-star","England","South Yorkshire","Sheffield","S36 2DW","Friendship Hotel"
"1-star","England","South Yorkshire","Sheffield: North","S6 2GA","New Barrack Tavern"
"1-star","England","South Yorkshire","Sheffield","S10 1NW","Princess Royal"
"1-star","England","South Yorkshire","Sheffield","S1 4BS","Fagan's"
"1-star","England","South Yorkshire","Sheffield: Kelham Island","S3 7EQ","Wellington"
"1-star","England","South Yorkshire","Sheffield","S3 8HS","Big Gun Hotel"
"1-star","England","South Yorkshire","Sheffield","S11 8ZF","Lescar Hotel"
"1-star","England","South Yorkshire","Sheffield: Kelham Island","S3 8SA","Fat Cat"
"1-star","England","South Yorkshire","Sheffield","S36 1DR","Silver Fox"
"1-star","England","South Yorkshire","Sheffield","S8 7RB","White Swan"
"1-star","England","Hertfordshire","Hertford","SG13 7BS","Great Eastern Tavern"
"1-star","England","Greater London North","Holloway","N7 6AA","Enkel Arms"
"1-star","England","Greater London East","Walthamstow","E17 6JG","Lord Palmerston"
"1-star","England","Greater London South East","Herne Hill","SE24 0JT","Commercial"
"1-star","England","Greater London South West","Brixton","SW2 1EB","Effra Hall"
"1-star","England","Greater London South West","Barnes","SW13 9RU","Red Lion"
"1-star","England","Greater London North","North Finchley","N12 8NR","Elephant Inn"
"1-star","England","Greater London North","Stoke Newington","N16 8RY","Shakespeare"
"1-star","England","Greater London North","Finsbury Park","N4 3HB","Faltering Fullback"
"1-star","England","Greater London North","Stoke Newington","N16 6UP","Wheatsheaf"
"1-star","England","Greater London South East","Woolwich","SE18 3HP","Bull"
"1-star","England","Greater London West","Kensington","W8 4LT","Elephant & Castle"
"1-star","Scotland","Greater Glasgow & Clyde Valley","Glasgow","G43 1SN","Old Stag Inn"
"1-star","England","Cumbria","Rydal","LA22 9LR","Badger Bar (Glen Rothay Hotel)"
"1-star","England","Greater London West","Acton","W3 9DD","Six Bells"
"1-star","England","Greater London East","Manor Park","E12 5BP","Blakesley Arms"
"1-star","England","Greater London North","Tottenham","N17 6XE","Elmhurst"
"1-star","England","Greater London North","London","N1 4BL","Duke Of Wellington"
"1-star","England","Greater London North","Tottenham","N17 6QA","Ship"
"1-star","England","West Sussex","North Bersted","PO21 5JF","Royal Oak"
"1-star","Scotland","Dumfries & Galloway","Moniaive","DG3 4HN","George Hotel"
"1-star","Scotland","Tayside","Arbroath","DD11 3AB","Lochlands Bar"
"1-star","Scotland","Tayside","Dundee","DD4 6SW","Balmore"
"1-star","Scotland","Edinburgh & The Lothians","Uphall","EH52 5DA","Oatridge Hotel"
"1-star","Scotland","Greater Glasgow & Clyde Valley","Coatbridge","ML5 3DG","St Andrews Bar"
"1-star","Scotland","Greater Glasgow & Clyde Valley","Glasgow","G1 5HZ","Victoria Bar"
"1-star","Scotland","Greater Glasgow & Clyde Valley","Glasgow","G4 9EJ","Wintersgills"
"1-star","England","Greater London South East","Erith","DA8 3HB","Royal Oak"
"1-star","England","South Yorkshire","Sheffield","S36 1FL","Red Grouse"
"1-star","England","Greater London East","Clapton","E5 9HG","Anchor & Hope"
"1-star","England","Devon","Plymouth","PL6 6DT","Falstaff Inn"
"1-star","England","Gloucestershire & Bristol","Bristol","BS13 0HQ","Hartcliffe Inn"
"1-star","England","Greater London East","Ilford","IG1 1XJ","Prince Of Wales"
"1-star","England","Greater London East","Leyton","E11 4EL","Northcote Arms"
"1-star","England","Greater London South West","Richmond","TW10 6AZ","Dukes Head"
"1-star","England","Greater London South West","Kingston","KT1 2RF","Cocoanut"
"1-star","England","Greater London West","Hampton","TW12 2SJ","Jolly Coopers"
"1-star","England","Greater London North West","London","NW1 9LU","Old Eagle"
"1-star","England","Greater London West","North Kensington","W10 4AE","Paradise by Way of Kensal Green"
"1-star","England","Greater London West","Kensington","W8 6EG","Hansom Cab"
"1-star","England","Greater London West","Kensington","W8 7TQ","Uxbridge"
"1-star","England","Greater London West","Hammersmith","W6 7PB","Brook Green Hotel"
"1-star","England","Greater London West","Hammersmith","W6 9HR","Hop Poles"
"1-star","England","Greater London West","Acton Green","W4 5HH","Swan"
"1-star","England","Greater London South West","South Kensington","SW7 4SS","Stanhope Arms"
"1-star","England","Greater London South East","Crayford","DA1 4EJ","Duke's Head"
"1-star","England","Greater London South East","Blackheath","SE3 8SU","British Oak"
"1-star","Wales","West Wales","Abergwili","SA31 2JA","Wheaten Sheaf"
"1-star","England","Dorset","Wareham","BH20 4AD","King's Arms"
"1-star","England","Greater London North","Highbury","N5 1EA","Bank of Friendship"
"1-star","England","East Sussex","Hastings","TN34 3EW","Jenny Lind"
"1-star","England","Greater London North West","London","NW1 8JH","Engineer"
"1-star","England","Greater London North West","Kentish Town","NW5 1LE","Southampton Arms"
"1-star","England","Kent","Penshurst","TN11 8EP","Spotted Dog"
"1-star","England","Greater London South East","East Dulwich","SE22 8EP","Palmerston"
"1-star","England","Greater London South East","Welling","DA16 3NL","Green Man"
"1-star","England","Greater London South East","Crayford","DA1 4HH","Crayford Arms"
"1-star","England","Greater London South East","Beckenham","BR3 6NR","Jolly Woodman"
"1-star","England","Greater London South West","Putney","SW15 1DD","Bricklayer's Arms"
"1-star","England","Greater London South East","Croydon","CR0 6PU","Alma Tavern"
"1-star","England","East Sussex","Brighton","BN1 3EG","Rook Taproom"
"1-star","England","Greater London East","London","E1 0LA","George Tavern"
"1-star","England","West Yorkshire","Ripponden","HX6 4DF","Old Bridge Inn"
"1-star","England","Gloucestershire & Bristol","Amberley","GL5 5AF","Amberley Inn"
"1-star","England","East Sussex","Brighton","BN1 4AD","Basketmakers Arms"
"1-star","England","East Sussex","Mayfield","TN20 6TE","Rose & Crown"
"1-star","Scotland","Tayside","Dundee","DD1 1JN","Ladywell Tavern"
"1-star","England","North Yorkshire","East Witton","DL8 4SQ","Cover Bridge Inn"
"1-star","England","West Yorkshire","Sowood","HX4 9LB","Dog & Partridge"
"1-star","Scotland","Greater Glasgow & Clyde Valley","Wemyss Bay","PA18 6AA","Wemyss Bay Station Bar"
"1-star","Northern Ireland","Northern Ireland","Donaghadee","BT21 0AH","Grace Neills Bar"
"1-star","Northern Ireland","Northern Ireland","Rostrevor","BT34 3BG","Old Killowen Inn"
"1-star","England","Worcestershire","Pershore","WR10 1BH","White Horse Hotel"
"1-star","England","Derbyshire","Derby","DE3 0DA","Vine Inn"
"1-star","Wales","Mid Wales","Crickhowell","NP8 1BW","Bear Hotel"
"1-star","England","Cumbria","Great Urswick","LA12 0SZ","General Burgoyne"
"1-star","England","Greater London South West","Battersea","SW11 3BW","Latchmere"
"1-star","England","Greater London West","Hammersmith","W6 0DZ","Swan"
"1-star","Scotland","Greater Glasgow & Clyde Valley","Glasgow","G2 2TH","Pot Still"
"1-star","England","Greater London South East","Peckham","SE15 5ED","Red Bull"
"1-star","England","Greater London North","London","N1 6LP","Macbeth"
"1-star","England","Greater London South East","London","SE1 1TA","Boot & Flogger"
"1-star","England","Greater London East","London","EC4Y 1BJ","El Vino (Fleet Street)"
