name,country,county,lat,lng,total_routes,rocktype,already_on_map,url
Orphaned Route Crag,England,Avon,0,0,128,UNKNOWN,,https://www.ukclimbing.com/logbook/crags/orphaned_route_crag-29453
Cherry Hinton Chalk Quarry,England,Cambridgeshire,52.17778,0.1675,12,Chalk,,https://www.ukclimbing.com/logbook/crags/cherry_hinton_chalk_quarry-1198
Kynance Cove,England,Cornwall,49.97281,-5.23205,17,Serpentine,,https://www.ukclimbing.com/logbook/crags/kynance_cove-28456
Allen Crags,England,Cumbria,54.4661,-3.1802,14,UNKNOWN,yes,https://www.ukclimbing.com/logbook/crags/allen_crags-14981
Arnison Crag,England,Cumbria,54.52635,-2.93859,2,UNKNOWN,,https://www.ukclimbing.com/logbook/crags/arnison_crag-15663
Ashness Gill,England,Cumbria,54.56389,-3.11028,2,UNKNOWN,yes,https://www.ukclimbing.com/logbook/crags/ashness_gill-1841
Barf,England,Cumbria,54.6296,-3.21844,2,UNKNOWN,,https://www.ukclimbing.com/logbook/crags/barf-15658
Base Brown,England,Cumbria,54.49199,-3.19797,2,UNKNOWN,,https://www.ukclimbing.com/logbook/crags/base_brown-15203
Beckthorns Gill,England,Cumbria,54.57972,-3.05194,2,UNKNOWN,,https://www.ukclimbing.com/logbook/crags/beckthorns_gill-1863
Belles Knott,England,Cumbria,54.46778,-3.08306,1,UNKNOWN,,https://www.ukclimbing.com/logbook/crags/belles_knott-11921
Birker Force Crag,England,Cumbria,54.38806,-3.25333,2,Granite,yes,https://www.ukclimbing.com/logbook/crags/birker_force_crag-16024
Birkside Gill,England,Cumbria,54.50333,-3.04222,3,UNKNOWN,,https://www.ukclimbing.com/logbook/crags/birkside_gill-1861
Black Wars,England,Cumbria,54.4289,-3.1297,31,Rhyolite,,https://www.ukclimbing.com/logbook/crags/black_wars-8596
Blea Water Crag,England,Cumbria,54.4894,-2.8597,13,Rhyolite,,https://www.ukclimbing.com/logbook/crags/blea_water_crag-1301
Blencathra,England,Cumbria,54.6401,-3.0498,27,Slate,yes,https://www.ukclimbing.com/logbook/crags/blencathra-13876
Boredale Head,England,Cumbria,54.54581,-2.89964,1,Volcanic tuff,,https://www.ukclimbing.com/logbook/crags/boredale_head-23137
Borlase,England,Cumbria,54.40143,-3.08332,2,UNKNOWN,,https://www.ukclimbing.com/logbook/crags/borlase-29088
Bowfell Links,England,Cumbria,54.4464,-3.1658,28,UNKNOWN,,https://www.ukclimbing.com/logbook/crags/bowfell_links-1801
Brandy Crag,England,Cumbria,54.38002,-3.19426,60,Rhyolite,,https://www.ukclimbing.com/logbook/crags/brandy_crag-8974
Brim Fell,England,Cumbria,54.37733,-3.12437,4,UNKNOWN,,https://www.ukclimbing.com/logbook/crags/brim_fell-14971
Broad Crag,England,Cumbria,54.4574,-3.2069,6,UNKNOWN,,https://www.ukclimbing.com/logbook/crags/broad_crag-16191
Broadcrag Tarn Buttress,England,Cumbria,54.45334,-3.21246,1,UNKNOWN,,https://www.ukclimbing.com/logbook/crags/broadcrag_tarn_buttress-32869
Brown Cove Crags,England,Cumbria,54.5331,-3.0369,25,Rhyolite,yes,https://www.ukclimbing.com/logbook/crags/brown_cove_crags-1295
Browney Gill,England,Cumbria,54.435,-3.13472,3,UNKNOWN,,https://www.ukclimbing.com/logbook/crags/browney_gill-16003
"Buckbarrow, Wasdale",England,Cumbria,54.4392,-3.3339,182,Rhyolite,,https://www.ukclimbing.com/logbook/crags/buckbarrow_wasdale-664
Cam Spout Crag,England,Cumbria,54.4406,-3.2089,12,Rhyolite,,https://www.ukclimbing.com/logbook/crags/cam_spout_crag-723
Castle How Crag,England,Cumbria,54.39417,-3.17667,26,Rhyolite,,https://www.ukclimbing.com/logbook/crags/castle_how_crag-12307
Cold Pike Far West,England,Cumbria,54.42332,-3.14773,2,UNKNOWN,,https://www.ukclimbing.com/logbook/crags/cold_pike_far_west-15144
"Combe Head and Gill, Combe Ghyll",England,Cumbria,54.48889,-3.15917,3,Rhyolite,,https://www.ukclimbing.com/logbook/crags/combe_head_and_gill_combe_ghyll-9963
Coniston,England,Cumbria,54.3698,-3.0865,1,Ignimbrite,,https://www.ukclimbing.com/logbook/crags/coniston-25694
Cove Crag,England,Cumbria,54.4944,-3.2955,9,Rhyolite,,https://www.ukclimbing.com/logbook/crags/cove_crag-28661
Crag Band,England,Cumbria,54.3726,-3.1701,44,Rhyolite,,https://www.ukclimbing.com/logbook/crags/crag_band-3149
Crinkle Crags - Long Top,England,Cumbria,54.43372,-3.15981,2,UNKNOWN,,https://www.ukclimbing.com/logbook/crags/crinkle_crags_-_long_top-16190
Crinkle Gill,England,Cumbria,54.4369,-3.1361,22,UNKNOWN,,https://www.ukclimbing.com/logbook/crags/crinkle_gill-1821
Crook Crag,England,Cumbria,54.3785,-3.2341,30,Andesite,,https://www.ukclimbing.com/logbook/crags/crook_crag-28894
Dale Head,England,Cumbria,54.52716,-3.20236,2,UNKNOWN,,https://www.ukclimbing.com/logbook/crags/dale_head-13890
Dobgill Crag,England,Cumbria,54.51591,-3.0603,18,Rhyolite,,https://www.ukclimbing.com/logbook/crags/dobgill_crag-24246
Dove Crag (Dovedale),England,Cumbria,54.4894,-2.9647,57,Rhyolite,,https://www.ukclimbing.com/logbook/crags/dove_crag_dovedale-481
"Dove Nest Crag, Combe Ghyll",England,Cumbria,54.4942,-3.1547,20,Rhyolite,yes,https://www.ukclimbing.com/logbook/crags/dove_nest_crag_combe_ghyll-2650
Dow Crag,England,Cumbria,54.3703,-3.1366,153,Rhyolite,yes,https://www.ukclimbing.com/logbook/crags/dow_crag_cumbria-355
Dungeon Ghyll,England,Cumbria,54.44972,-3.10278,3,UNKNOWN,,https://www.ukclimbing.com/logbook/crags/dungeon_ghyll-1825
Eagle Crag (Grisedale),England,Cumbria,54.52,-2.9947,53,Rhyolite,,https://www.ukclimbing.com/logbook/crags/eagle_crag_grisedale-448
Easdale Gill,England,Cumbria,54.4666,-3.08278,1,Rhyolite,,https://www.ukclimbing.com/logbook/crags/easdale_gill-10800
Easedale Gill,England,Cumbria,54.46912,-3.05264,2,UNKNOWN,,https://www.ukclimbing.com/logbook/crags/easedale_gill-11922
Eel Crag (Coledale),England,Cumbria,54.5758,-3.2497,4,Slate,,https://www.ukclimbing.com/logbook/crags/eel_crag_coledale-1842
Esk Buttress (Dow Crag),England,Cumbria,54.4478,-3.1983,55,Rhyolite,yes,https://www.ukclimbing.com/logbook/crags/esk_buttress_dow_crag-724
Esk Pike,England,Cumbria,54.4571,-3.1793,2,UNKNOWN,,https://www.ukclimbing.com/logbook/crags/esk_pike-14927
Fall crag,England,Cumbria,54.52009,-2.91375,10,UNKNOWN,,https://www.ukclimbing.com/logbook/crags/fall_crag-19593
Far Hill Crag,England,Cumbria,54.3801,-3.1435,27,Rhyolite,,https://www.ukclimbing.com/logbook/crags/far_hill_crag-368
Fisherplace Gill,England,Cumbria,54.55528,-3.05139,2,UNKNOWN,,https://www.ukclimbing.com/logbook/crags/fisherplace_gill-1862
Galeforth Gill,England,Cumbria,54.45222,-2.79417,2,Ice,,https://www.ukclimbing.com/logbook/crags/galeforth_gill-15996
Gillercombe,England,Cumbria,54.5019,-3.2021,41,Rhyolite,yes,https://www.ukclimbing.com/logbook/crags/gillercombe-763
Gimmer Crag,England,Cumbria,54.4531,-3.1153,113,Rhyolite,,https://www.ukclimbing.com/logbook/crags/gimmer_crag-345
Glaramara,England,Cumbria,54.48397,-3.16508,2,UNKNOWN,,https://www.ukclimbing.com/logbook/crags/glaramara-14986
Glenridding Beck,England,Cumbria,54.54748,-2.98118,1,UNKNOWN,,https://www.ukclimbing.com/logbook/crags/glenridding_beck-26494
Goat Crag (Buttermere),England,Cumbria,54.53556,-3.25333,2,UNKNOWN,,https://www.ukclimbing.com/logbook/crags/goat_crag_buttermere-1857
Gouther Crags,England,Cumbria,54.5072,-2.7492,105,Rhyolite,,https://www.ukclimbing.com/logbook/crags/gouther_crags-485
Grasmoor,England,Cumbria,54.57156,-3.27762,6,Rhyolite,yes,https://www.ukclimbing.com/logbook/crags/grasmoor-3899
Gray Crags,England,Cumbria,54.50049,-2.89136,2,UNKNOWN,,https://www.ukclimbing.com/logbook/crags/gray_crags-27496
Great Blake Rigg,England,Cumbria,54.3856,-3.1411,49,Rhyolite,yes,https://www.ukclimbing.com/logbook/crags/great_blake_rigg-367
Great Carrs,England,Cumbria,54.39871,-3.12507,2,UNKNOWN,yes,https://www.ukclimbing.com/logbook/crags/great_carrs-14982
Great Cars Buttress,England,Cumbria,54.39917,-3.11972,2,UNKNOWN,,https://www.ukclimbing.com/logbook/crags/great_cars_buttress-3359
Great End,England,Cumbria,54.4648,-3.1963,56,UNKNOWN,,https://www.ukclimbing.com/logbook/crags/great_end-14923
Great Gable,England,Cumbria,54.48218,-3.21882,2,UNKNOWN,,https://www.ukclimbing.com/logbook/crags/great_gable-13883
Great How Crag,England,Cumbria,54.3886,-3.115,11,Rhyolite,,https://www.ukclimbing.com/logbook/crags/great_how_crag-1618
Great Round How,England,Cumbria,54.50417,-3.22611,21,UNKNOWN,,https://www.ukclimbing.com/logbook/crags/great_round_how-9537
Green Crag,England,Cumbria,54.37359,-3.2329,2,UNKNOWN,,https://www.ukclimbing.com/logbook/crags/green_crag_cumbria-15674
Greenhow End,England,Cumbria,54.5003,-2.9728,10,Rhyolite,,https://www.ukclimbing.com/logbook/crags/greenhow_end-1302
"Grey Buttress, Newlands",England,Cumbria,54.5378,-3.1856,10,Rhyolite,,https://www.ukclimbing.com/logbook/crags/grey_buttress_newlands-382
Grey Crag (Buttermere),England,Cumbria,54.5217,-3.2794,61,Rhyolite,yes,https://www.ukclimbing.com/logbook/crags/grey_crag_buttermere-381
Grey Crag (Coppermines),England,Cumbria,54.37972,-3.10528,11,UNKNOWN,,https://www.ukclimbing.com/logbook/crags/grey_crag_coppermines-1812
Gunson Knott,England,Cumbria,54.4371,-3.157,10,UNKNOWN,,https://www.ukclimbing.com/logbook/crags/gunson_knott-20016
Hard Knott,England,Cumbria,54.4109,-3.18514,6,UNKNOWN,,https://www.ukclimbing.com/logbook/crags/hard_knott-13896
Harrison Stickle,England,Cumbria,54.45689,-3.10945,22,Rhyolite,yes,https://www.ukclimbing.com/logbook/crags/harrison_stickle-1826
Harter Fell,England,Cumbria,54.38674,-3.20505,3,UNKNOWN,,https://www.ukclimbing.com/logbook/crags/harter_fell_cumbria-13919
Haystacks,England,Cumbria,54.50739,-3.24421,11,UNKNOWN,,https://www.ukclimbing.com/logbook/crags/haystacks-1853
Hell Gill,England,Cumbria,54.43861,-3.14389,3,UNKNOWN,,https://www.ukclimbing.com/logbook/crags/hell_gill_cumbria-1822
Helm Crag,England,Cumbria,54.4749,-3.0408,33,Rhyolite,,https://www.ukclimbing.com/logbook/crags/helm_crag-351
Helvellyn,England,Cumbria,54.5275,-3.0188,40,Rhyolite,yes,https://www.ukclimbing.com/logbook/crags/helvellyn-13902
High Scawdell Gill,England,Cumbria,54.5173,-3.1812,1,Andesite,,https://www.ukclimbing.com/logbook/crags/high_scawdell_gill-25901
High Stile,England,Cumbria,54.52145,-3.28762,2,UNKNOWN,,https://www.ukclimbing.com/logbook/crags/high_stile-13886
Honister Crag,England,Cumbria,54.51778,-3.21444,7,Rhyolite,yes,https://www.ukclimbing.com/logbook/crags/honister_crag-376
Ill Crag,England,Cumbria,54.45562,-3.20003,5,UNKNOWN,yes,https://www.ukclimbing.com/logbook/crags/ill_crag-14860
Kilnshaw,England,Cumbria,54.46864,-2.93042,2,UNKNOWN,,https://www.ukclimbing.com/logbook/crags/kilnshaw-1800
Kirk Fell,England,Cumbria,54.48333,-3.24406,5,UNKNOWN,yes,https://www.ukclimbing.com/logbook/crags/kirk_fell-13887
Knitting How,England,Cumbria,54.5408,-3.17,13,Rhyolite,,https://www.ukclimbing.com/logbook/crags/knitting_how-8713
Langstrath,England,Cumbria,54.48889,-3.13472,1,UNKNOWN,yes,https://www.ukclimbing.com/logbook/crags/langstrath-3144
Launchy Gill,England,Cumbria,54.53244,-3.07016,3,UNKNOWN,,https://www.ukclimbing.com/logbook/crags/launchy_gill-1864
Link Cove Becks,England,Cumbria,54.50222,-2.96806,4,UNKNOWN,yes,https://www.ukclimbing.com/logbook/crags/link_cove_becks-1814
Little Blake Rigg,England,Cumbria,54.38083,-3.17,13,Rhyolite,,https://www.ukclimbing.com/logbook/crags/little_blake_rigg-3245
Little How Crag,England,Cumbria,54.3858,-3.1178,11,Rhyolite,,https://www.ukclimbing.com/logbook/crags/little_how_crag-1345
Little Stand Crags,England,Cumbria,54.41945,-3.15917,53,Rhyolite,,https://www.ukclimbing.com/logbook/crags/little_stand_crags-370
Loft Crag,England,Cumbria,54.45434,-3.11612,3,UNKNOWN,,https://www.ukclimbing.com/logbook/crags/loft_crag-15114
Long Crag Coniston,England,Cumbria,54.37402,-3.07984,3,Gabbro,yes,https://www.ukclimbing.com/logbook/crags/long_crag_coniston-22640
Lord's Seat,England,Cumbria,54.62785,-3.23404,2,UNKNOWN,,https://www.ukclimbing.com/logbook/crags/lords_seat_cumbria-13878
Low Water Crag & Low Water Beck,England,Cumbria,54.373,-3.1222,11,UNKNOWN,,https://www.ukclimbing.com/logbook/crags/low_water_crag+low_water_beck-1811
Maiden Moor,England,Cumbria,54.55301,-3.18119,2,UNKNOWN,,https://www.ukclimbing.com/logbook/crags/maiden_moor-15560
Meg's Gill,England,Cumbria,54.44483,-3.04529,1,UNKNOWN,,https://www.ukclimbing.com/logbook/crags/megs_gill-31631
Middlefell (Wasdale),England,Cumbria,54.44928,-3.3074,8,Rhyolite,,https://www.ukclimbing.com/logbook/crags/middlefell_wasdale-10453
Middlesteads Gill,England,Cumbria,54.54455,-3.08056,1,UNKNOWN,,https://www.ukclimbing.com/logbook/crags/middlesteads_gill-31634
Mill Gill,England,Cumbria,54.56889,-3.04722,2,UNKNOWN,yes,https://www.ukclimbing.com/logbook/crags/mill_gill-1865
Mouldry Bank And Rascal How,England,Cumbria,54.37396,-3.086,2,UNKNOWN,,https://www.ukclimbing.com/logbook/crags/mouldry_bank_and_rascal_how-19256
Nab Crag,England,Cumbria,54.50139,-3.06389,14,UNKNOWN,,https://www.ukclimbing.com/logbook/crags/nab_crag-3714
Nethermost Pike,England,Cumbria,54.5186,-3.0152,10,UNKNOWN,,https://www.ukclimbing.com/logbook/crags/nethermost_pike-14926
Pavey Ark,England,Cumbria,54.4619,-3.1049,98,Rhyolite,yes,https://www.ukclimbing.com/logbook/crags/pavey_ark-342
Piers Gill,England,Cumbria,54.46537,-3.21562,3,Rhyolite,,https://www.ukclimbing.com/logbook/crags/piers_gill-4241
Pike of Stickle,England,Cumbria,54.4564,-3.1214,17,UNKNOWN,yes,https://www.ukclimbing.com/logbook/crags/pike_of_stickle-15060
Pillar,England,Cumbria,54.4975,-3.2812,119,Rhyolite,yes,https://www.ukclimbing.com/logbook/crags/pillar-519
Pisgah,England,Cumbria,54.5048,-3.274,1,UNKNOWN,,https://www.ukclimbing.com/logbook/crags/pisgah-27096
Rainsborrow Crag,England,Cumbria,54.45412,-2.85726,9,UNKNOWN,,https://www.ukclimbing.com/logbook/crags/rainsborrow_crag-23092
Raven Crag (Kentmere),England,Cumbria,54.43777,-2.84154,3,Rhyolite,,https://www.ukclimbing.com/logbook/crags/raven_crag_kentmere-27439
Raven Crag (Kirkstone),England,Cumbria,54.4664,-2.9342,7,UNKNOWN,,https://www.ukclimbing.com/logbook/crags/raven_crag_kirkstone-1799
Raven Crag (Langdale),England,Cumbria,54.4481,-3.1042,140,Rhyolite,,https://www.ukclimbing.com/logbook/crags/raven_crag_langdale-344
Raven Crag (Yewdale),England,Cumbria,54.39625,-3.05317,19,UNKNOWN,,https://www.ukclimbing.com/logbook/crags/raven_crag_yewdale-3147
"Raven Crag, Threshthwaite Cove",England,Cumbria,54.49278,-2.89861,22,Rhyolite,,https://www.ukclimbing.com/logbook/crags/raven_crag_threshthwaite_cove-482
Raven Tor (Coppermines),England,Cumbria,54.37944,-3.11611,7,UNKNOWN,,https://www.ukclimbing.com/logbook/crags/raven_tor_coppermines-1810
Red Pike (Wasdale),England,Cumbria,54.48341,-3.28952,3,UNKNOWN,,https://www.ukclimbing.com/logbook/crags/red_pike_wasdale-14956
Red Screes crag,England,Cumbria,54.46833,-2.935,11,UNKNOWN,,https://www.ukclimbing.com/logbook/crags/red_screes_crag-1299
Roman Fell,England,Cumbria,54.57738,-2.38181,2,UNKNOWN,,https://www.ukclimbing.com/logbook/crags/roman_fell-24136
Rossett Pike,England,Cumbria,54.45775,-3.15954,3,UNKNOWN,,https://www.ukclimbing.com/logbook/crags/rossett_pike-15191
Round How,England,Cumbria,54.4622,-3.207,37,Rhyolite,,https://www.ukclimbing.com/logbook/crags/round_how-718
Sandbed Gill,England,Cumbria,54.58667,-3.05361,3,UNKNOWN,yes,https://www.ukclimbing.com/logbook/crags/sandbed_gill-1866
Scafell,England,Cumbria,54.4476,-3.2248,5,Rhyolite,,https://www.ukclimbing.com/logbook/crags/scafell-17131
Scafell Crag,England,Cumbria,54.4497,-3.219,157,Rhyolite,,https://www.ukclimbing.com/logbook/crags/scafell_crag-680
Scale Gill,England,Cumbria,54.45403,-3.07732,1,UNKNOWN,,https://www.ukclimbing.com/logbook/crags/scale_gill-21111
Scout Crags,England,Cumbria,54.4524,-3.0838,41,Rhyolite,,https://www.ukclimbing.com/logbook/crags/scout_crags-340
Seathwaite Upper Slabs,England,Cumbria,54.5006,-3.1913,11,Andesite,,https://www.ukclimbing.com/logbook/crags/seathwaite_upper_slabs-8788
Selside Pike,England,Cumbria,54.4933,-2.78848,5,UNKNOWN,,https://www.ukclimbing.com/logbook/crags/selside_pike-15184
Side Pike,England,Cumbria,54.4388,-3.0915,36,Rhyolite,,https://www.ukclimbing.com/logbook/crags/side_pike-3121
Sourmilk Gill,England,Cumbria,54.49917,-3.18583,3,UNKNOWN,yes,https://www.ukclimbing.com/logbook/crags/sourmilk_gill-1846
Sourmilk Gill (Buttermere),England,Cumbria,54.53473,-3.28036,1,UNKNOWN,,https://www.ukclimbing.com/logbook/crags/sourmilk_gill_buttermere-21110
St. Sunday Crag,England,Cumbria,54.512,-2.9758,36,Rhyolite,yes,https://www.ukclimbing.com/logbook/crags/st_sunday_crag-449
Stanah Gill,England,Cumbria,54.56103,-3.05141,1,UNKNOWN,,https://www.ukclimbing.com/logbook/crags/stanah_gill-31636
Stickle Barn Crag,England,Cumbria,54.4525,-3.09028,24,Rhyolite,,https://www.ukclimbing.com/logbook/crags/stickle_barn_crag-1614
Sunlight Crag,England,Cumbria,54.38356,-3.1069,10,Rhyolite,,https://www.ukclimbing.com/logbook/crags/sunlight_crag-10744
Swart Beck (Sticks Gill),England,Cumbria,54.54969,-2.98517,1,UNKNOWN,,https://www.ukclimbing.com/logbook/crags/swart_beck_sticks_gill-26495
Swarthbeck Gill (Ravens Crag Boulders),England,Cumbria,54.579,-2.8455,65,Rhyolite,,https://www.ukclimbing.com/logbook/crags/swarthbeck_gill_ravens_crag_boulders-18148
Swirl Crags,England,Cumbria,54.5372,-3.0481,33,Rhyolite,yes,https://www.ukclimbing.com/logbook/crags/swirl_crags-444
"Tarn Beck, Duddon Valley.",England,Cumbria,54.37639,-3.17139,1,Rhyolite,yes,https://www.ukclimbing.com/logbook/crags/tarn_beck_duddon_valley-4041
Tarn Crag,England,Cumbria,54.46323,-2.7908,3,UNKNOWN,,https://www.ukclimbing.com/logbook/crags/tarn_crag-16203
Tarn Crag (Langdale),England,Cumbria,54.4571,-3.0964,20,Rhyolite,yes,https://www.ukclimbing.com/logbook/crags/tarn_crag_langdale-1613
The Bell,England,Cumbria,54.36997,-3.09698,1,Rhyolite,,https://www.ukclimbing.com/logbook/crags/the_bell-27889
The Napes,England,Cumbria,54.48,-3.2194,104,Rhyolite,yes,https://www.ukclimbing.com/logbook/crags/the_napes-662
The Old Man of Coniston,England,Cumbria,54.37058,-3.12169,4,UNKNOWN,,https://www.ukclimbing.com/logbook/crags/the_old_man_of_coniston-13918
The White Lady,England,Cumbria,54.38266,-3.07102,2,UNKNOWN,,https://www.ukclimbing.com/logbook/crags/the_white_lady-1839
Thorn Crag (Langdale),England,Cumbria,54.4541,-3.11256,2,Rhyolite,,https://www.ukclimbing.com/logbook/crags/thorn_crag_langdale-16709
Throng Close,England,Cumbria,54.37345,-3.17057,2,UNKNOWN,,https://www.ukclimbing.com/logbook/crags/throng_close-3146
Tilberthwaite Gill,England,Cumbria,54.39611,-3.075,2,UNKNOWN,,https://www.ukclimbing.com/logbook/crags/tilberthwaite_gill-1840
Walla Crag,England,Cumbria,54.5816,-3.1208,36,Rhyolite,,https://www.ukclimbing.com/logbook/crags/walla_crag-740
Wetherlam,England,Cumbria,54.40036,-3.09825,5,UNKNOWN,,https://www.ukclimbing.com/logbook/crags/wetherlam-14997
White Ghyll,England,Cumbria,54.4552,-3.0851,63,Rhyolite,,https://www.ukclimbing.com/logbook/crags/white_ghyll-341
White crag,England,Cumbria,54.4477,-3.1114,32,Rhyolite,,https://www.ukclimbing.com/logbook/crags/white_crag_cumbria-19085
Wistow Crags,England,Cumbria,54.49268,-3.27599,2,Rhyolite,yes,https://www.ukclimbing.com/logbook/crags/wistow_crags-12120
Yewbarrow,England,Cumbria,54.46487,-3.27678,2,UNKNOWN,yes,https://www.ukclimbing.com/logbook/crags/yewbarrow-15657
Yoadcastle,England,Cumbria,54.34535,-3.29831,2,UNKNOWN,,https://www.ukclimbing.com/logbook/crags/yoadcastle-26824
Alport Castles,England,Derbyshire,53.4206,-1.7886,17,Gritstone,yes,https://www.ukclimbing.com/logbook/crags/alport_castles-21526
Back Tor (Edale),England,Derbyshire,53.36104,-1.78372,8,Shale,,https://www.ukclimbing.com/logbook/crags/back_tor_edale-9849
Chrome Hill,England,Derbyshire,53.20285,-1.89587,6,Limestone,yes,https://www.ukclimbing.com/logbook/crags/chrome_hill-16401
Crowden Great Quarry,England,Derbyshire,53.4956,-1.8882,110,Grit (quarried),,https://www.ukclimbing.com/logbook/crags/crowden_great_quarry-928
Cucklett Delph,England,Derbyshire,53.2819,-1.6782,22,Limestone,,https://www.ukclimbing.com/logbook/crags/cucklett_delph-16390
Deer Knowl,England,Derbyshire,53.48465,-1.86226,31,Gritstone,yes,https://www.ukclimbing.com/logbook/crags/deer_knowl-931
Kinder Downfall,England,Derbyshire,53.39612,-1.87866,356,Gritstone,yes,https://www.ukclimbing.com/logbook/crags/kinder_downfall-134
Kinder Northern Edges,England,Derbyshire,53.4048,-1.8651,434,Gritstone,yes,https://www.ukclimbing.com/logbook/crags/kinder_northern_edges-133
Kinder Southern Edges,England,Derbyshire,53.3801,-1.8389,417,Gritstone,yes,https://www.ukclimbing.com/logbook/crags/kinder_southern_edges-940
Lower Shelf Stones,England,Derbyshire,53.44948,-1.87228,19,Gritstone,yes,https://www.ukclimbing.com/logbook/crags/lower_shelf_stones-16451
Mam Tor,England,Derbyshire,53.3491,-1.8096,19,Shale,,https://www.ukclimbing.com/logbook/crags/mam_tor-1341
Millstone Buttress to Highstone Rocks,England,Derbyshire,53.4936,-1.9233,22,Gritstone,yes,https://www.ukclimbing.com/logbook/crags/millstone_buttress_to_highstone_rocks-10277
Oaken Clough,England,Derbyshire,53.50492,-1.91085,2,Gritstone,yes,https://www.ukclimbing.com/logbook/crags/oaken_clough-19889
Parkhouse Hill,England,Derbyshire,53.19965,-1.88233,5,Limestone,yes,https://www.ukclimbing.com/logbook/crags/parkhouse_hill-16402
Rollick Stones,England,Derbyshire,53.48084,-1.87885,62,Gritstone,yes,https://www.ukclimbing.com/logbook/crags/rollick_stones-933
Shining Clough,England,Derbyshire,53.4848,-1.8535,119,Gritstone,yes,https://www.ukclimbing.com/logbook/crags/shining_clough-123
Torside Clough,England,Derbyshire,53.4719,-1.9028,70,Gritstone,yes,https://www.ukclimbing.com/logbook/crags/torside_clough-1204
Winnats Pass,England,Derbyshire,53.34,-1.79861,33,Limestone,yes,https://www.ukclimbing.com/logbook/crags/winnats_pass-1239
Yellowslacks,England,Derbyshire,53.45858,-1.88731,52,Gritstone,yes,https://www.ukclimbing.com/logbook/crags/yellowslacks-3924
Belstone Tor,England,Devon,50.71155,-3.96392,2,Granite,,https://www.ukclimbing.com/logbook/crags/belstone_tor-20387
Greator Rocks,England,Devon,50.59359,-3.77124,66,Granite,,https://www.ukclimbing.com/logbook/crags/greator_rocks-1476
Leigh Tor,England,Devon,50.52864,-3.82093,44,Quartzite,,https://www.ukclimbing.com/logbook/crags/leigh_tor-3743
Meldon Reservoir,England,Devon,50.7032,-4.03954,4,Ice,,https://www.ukclimbing.com/logbook/crags/meldon_reservoir-17453
The Exmoor Coast Traverse,England,Devon,51.2454,-3.7837,45,Sandstone (hard),yes,https://www.ukclimbing.com/logbook/crags/the_exmoor_coast_traverse-1242
Tristis Rock,England,Devon,50.4241,-3.9171,7,Granite,,https://www.ukclimbing.com/logbook/crags/tristis_rock-24439
Wintour's Leap,England,Gloucestershire,51.6617,-2.6636,541,Limestone,,https://www.ukclimbing.com/logbook/crags/wintours_leap-51
Alderman Rocks,England,Greater Manchester,53.538,-1.9781,63,Gritstone,yes,https://www.ukclimbing.com/logbook/crags/alderman_rocks-1280
Dovestones Edge,England,Greater Manchester,53.5329,-1.95926,118,Gritstone,,https://www.ukclimbing.com/logbook/crags/dovestones_edge-108
Dovestones Quarry,England,Greater Manchester,53.5306,-1.9653,140,Grit (quarried),,https://www.ukclimbing.com/logbook/crags/dovestones_quarry-120
Dovestones Skyline,England,Greater Manchester,53.5245,-1.961,120,Gritstone,yes,https://www.ukclimbing.com/logbook/crags/dovestones_skyline-8833
Red Brook,England,Greater Manchester,53.65741,-2.35317,2,Gritstone,,https://www.ukclimbing.com/logbook/crags/red_brook-25736
Standing Stones,England,Greater Manchester,53.5438,-1.9432,129,Gritstone,yes,https://www.ukclimbing.com/logbook/crags/standing_stones-135
The Ravenstones,England,Greater Manchester,53.5398,-1.946,177,Gritstone,yes,https://www.ukclimbing.com/logbook/crags/the_ravenstones-27300
Wilderness Rocks,England,Greater Manchester,53.511,-1.9584,52,Gritstone,yes,https://www.ukclimbing.com/logbook/crags/wilderness_rocks-1335
Jack Scout Crag,England,Lancashire,54.1561,-2.8314,49,Limestone,,https://www.ukclimbing.com/logbook/crags/jack_scout_crag-1251
Pendle Hill,England,Lancashire,53.8684,-2.2986,2,UNKNOWN,,https://www.ukclimbing.com/logbook/crags/pendle_hill-13964
Greetwell Quarry,England,Lincolnshire,53.2383,-0.4956,42,Limestone,,https://www.ukclimbing.com/logbook/crags/greetwell_quarry-12366
Carlin Gill,England,North Yorkshire,54.3873,-2.54895,2,UNKNOWN,,https://www.ukclimbing.com/logbook/crags/carlin_gill-17303
Foss Gill (Airton / Calton),England,North Yorkshire,54.0303,-2.14246,2,Limestone,,https://www.ukclimbing.com/logbook/crags/foss_gill_airton__calton-31122
Gordale Scar,England,North Yorkshire,54.0736,-2.13,250,Limestone,,https://www.ukclimbing.com/logbook/crags/gordale_scar-605
Hell Gill,England,North Yorkshire,54.36726,-2.33006,1,Limestone,,https://www.ukclimbing.com/logbook/crags/hell_gill_north_yorkshire-27020
Pen-y-ghent,England,North Yorkshire,54.1559,-2.2487,38,Gritstone,,https://www.ukclimbing.com/logbook/crags/pen-y-ghent-1322
Strans gill,England,North Yorkshire,54.205,-2.12861,1,Limestone,yes,https://www.ukclimbing.com/logbook/crags/strans_gill-10080
Horley Ironstone Railway Cutting,England,Oxfordshire,52.0867,-1.3977,12,Iron Rock,,https://www.ukclimbing.com/logbook/crags/horley_ironstone_railway_cutting-27159
Devil's Mouth,England,Shropshire,52.54285,-2.82649,2,Rhyolite,,https://www.ukclimbing.com/logbook/crags/devils_mouth-30625
Llanymynech Quarry,England,Shropshire,52.7886,-3.0914,137,Limestone,,https://www.ukclimbing.com/logbook/crags/llanymynech_quarry-1070
Pontesford Rocks,England,Shropshire,52.6381,-2.8727,45,Welsh igneous,,https://www.ukclimbing.com/logbook/crags/pontesford_rocks-1062
Black Rocks Quarry,England,Somerset,51.46944,-2.79333,38,Limestone,,https://www.ukclimbing.com/logbook/crags/black_rocks_quarry-2124
Churchill Rocks,England,Somerset,51.3283,-2.7981,37,Limestone,,https://www.ukclimbing.com/logbook/crags/churchill_rocks-1578
North Quarry,England,Somerset,51.3025,-2.8822,61,Limestone,,https://www.ukclimbing.com/logbook/crags/north_quarry-2031
Rock of Ages (Burrington Combe),England,Somerset,51.3264,-2.753,42,Limestone,,https://www.ukclimbing.com/logbook/crags/rock_of_ages_burrington_combe-1577
Shipham Rocks,England,Somerset,51.30523,-2.78756,16,Limestone,,https://www.ukclimbing.com/logbook/crags/shipham_rocks-29435
The Ivystone,England,Somerset,51.2259,-3.6644,10,Sandstone (hard),,https://www.ukclimbing.com/logbook/crags/the_ivystone-2999
Wavering Down,England,Somerset,51.2991,-2.8519,16,Limestone,,https://www.ukclimbing.com/logbook/crags/wavering_down-21471
Wringstone Rocks,England,Somerset,51.3016,-2.8667,5,Limestone,,https://www.ukclimbing.com/logbook/crags/wringstone_rocks-19699
Roaches Upper Tier,England,Staffordshire,53.1582,-1.9926,313,Gritstone,yes,https://www.ukclimbing.com/logbook/crags/roaches_upper_tier-797
Box Hill,England,Surrey,51.2525,-0.3178,3,Chalk,,https://www.ukclimbing.com/logbook/crags/box_hill-3707
High Street Bridge,England,Warwickshire,52.2842,-1.5321,5,Crumbly rubbish,,https://www.ukclimbing.com/logbook/crags/high_street_bridge-25459
Backstone Beck,England,West Yorkshire,53.91564,-1.80739,4,Gritstone,,https://www.ukclimbing.com/logbook/crags/backstone_beck-18040
Harecroft,England,West Yorkshire,53.8202,-1.8774,19,Gritstone,,https://www.ukclimbing.com/logbook/crags/harecroft-19368
Lanshaw Rocks,England,West Yorkshire,53.8992,-1.7944,21,Gritstone,,https://www.ukclimbing.com/logbook/crags/lanshaw_rocks-12449
Yordas Gill,England,West Yorkshire,54.2071,-2.4521,1,Limestone,,https://www.ukclimbing.com/logbook/crags/yordas_gill-19718
North Hill,England,Worcestershire,52.11468,-2.33854,1,UNKNOWN,,https://www.ukclimbing.com/logbook/crags/north_hill-19404
Beinn a' Bhuird,Scotland,Aberdeenshire,57.08772,-3.4998,113,UNKNOWN,,https://www.ukclimbing.com/logbook/crags/beinn_a_bhuird-14626
Beinn a' Bhuird - Cnap a' Chleirich,Scotland,Aberdeenshire,57.0913,-3.4745,72,UNKNOWN,,https://www.ukclimbing.com/logbook/crags/beinn_a_bhuird_-_cnap_a_chleirich-14629
Cairn Toul,Scotland,Aberdeenshire,57.05442,-3.71097,5,Granite,,https://www.ukclimbing.com/logbook/crags/cairn_toul-12802
Clachnaben,Scotland,Aberdeenshire,56.9681,-2.6342,66,Granite,,https://www.ukclimbing.com/logbook/crags/clachnaben-78
Lochnagar,Scotland,Aberdeenshire,56.9551,-3.237,338,Granite,,https://www.ukclimbing.com/logbook/crags/lochnagar-24
The Devil's Point,Scotland,Aberdeenshire,57.03578,-3.68889,5,Granite,,https://www.ukclimbing.com/logbook/crags/the_devils_point-11509
Banana Buttress,Scotland,Argyll and Bute,56.66708,-5.05131,8,Quartzite,,https://www.ukclimbing.com/logbook/crags/banana_buttress-9578
Beinn Bheag,Scotland,Argyll and Bute,56.7166,-5.40946,2,UNKNOWN,,https://www.ukclimbing.com/logbook/crags/beinn_bheag_argyll_and_bute-13320
Beinn Eunaich,Scotland,Argyll and Bute,56.4503,-5.0268,7,UNKNOWN,,https://www.ukclimbing.com/logbook/crags/beinn_eunaich-12667
Beinn Fhionnlaidh,Scotland,Argyll and Bute,56.60101,-5.10511,5,Ice,,https://www.ukclimbing.com/logbook/crags/beinn_fhionnlaidh_argyll_and_bute-12636
Beinn Trilleachan (Coire Criche),Scotland,Argyll and Bute,56.56278,-5.09861,1,Granite,,https://www.ukclimbing.com/logbook/crags/beinn_trilleachan_coire_criche-10436
Beinn a' Bheithir - Sgorr Bhan,Scotland,Argyll and Bute,56.65601,-5.16212,6,UNKNOWN,,https://www.ukclimbing.com/logbook/crags/beinn_a_bheithir_-_sgorr_bhan-1651
Ben Buie,Scotland,Argyll and Bute,56.37496,-5.88179,5,UNKNOWN,,https://www.ukclimbing.com/logbook/crags/ben_buie-13273
Ben More,Scotland,Argyll and Bute,56.4249,-6.014,3,Schist,,https://www.ukclimbing.com/logbook/crags/ben_more_argyll_and_bute-13269
Ben Starav,Scotland,Argyll and Bute,56.53905,-5.04993,15,Granite,,https://www.ukclimbing.com/logbook/crags/ben_starav-8563
Dun Athad (Islay),Scotland,Argyll and Bute,55.5838,-6.3114,1,Quartzite,,https://www.ukclimbing.com/logbook/crags/dun_athad_islay-26655
Loch Sguabain Crag,Scotland,Argyll and Bute,56.3978,-5.8486,6,Gabbro,,https://www.ukclimbing.com/logbook/crags/loch_sguabain_crag-32980
Meall an t-Suidhe,Scotland,Argyll and Bute,56.81,-5.05071,5,Schist,,https://www.ukclimbing.com/logbook/crags/meall_an_t-suidhe-3081
Stob Coir' an Albannaich,Scotland,Argyll and Bute,56.5548,-4.98024,2,UNKNOWN,,https://www.ukclimbing.com/logbook/crags/stob_coir_an_albannaich-12665
Stob Ghabhar,Scotland,Argyll and Bute,56.5682,-4.8822,11,UNKNOWN,,https://www.ukclimbing.com/logbook/crags/stob_ghabhar-3475
Stob Ghabhar - Meall Odhar,Scotland,Argyll and Bute,56.57565,-4.94749,3,Granite,,https://www.ukclimbing.com/logbook/crags/stob_ghabhar_-_meall_odhar-9009
The Cobbler,Scotland,Argyll and Bute,56.21299,-4.80816,163,Mica schist,yes,https://www.ukclimbing.com/logbook/crags/the_cobbler-594
Beinn Bharrain,Scotland,Arran,55.63276,-5.3354,5,Granite,,https://www.ukclimbing.com/logbook/crags/beinn_bharrain-33352
Caisteal Abhail,Scotland,Arran,55.6473,-5.2311,39,Granite,yes,https://www.ukclimbing.com/logbook/crags/caisteal_abhail-309
Cir Mhor,Scotland,Arran,55.6388,-5.2218,80,Granite,,https://www.ukclimbing.com/logbook/crags/cir_mhor-13421
Goatfell,Scotland,Arran,55.6258,-5.192,24,Granite,,https://www.ukclimbing.com/logbook/crags/goatfell-302
Mullach Buidhe,Scotland,Arran,55.63677,-5.18944,9,Granite,,https://www.ukclimbing.com/logbook/crags/mullach_buidhe_arran-11805
Mullwharchar,Scotland,Ayrshire,55.14978,-4.42732,12,Granite,,https://www.ukclimbing.com/logbook/crags/mullwharchar-13606
Maiden's Stone,Scotland,Borders,55.8356,-2.05547,3,Sandstone (soft),,https://www.ukclimbing.com/logbook/crags/maidens_stone-20622
Maiden Pap,Scotland,Caithness,58.24279,-3.62326,4,Conglomerate,,https://www.ukclimbing.com/logbook/crags/maiden_pap-13165
Morven,Scotland,Caithness,58.23431,-3.69673,2,Sandstone (hard),,https://www.ukclimbing.com/logbook/crags/morven_caithness-13158
Clatteringshaws Crag,Scotland,Dumfries and Galloway,55.0519,-4.2728,1,Granite,,https://www.ukclimbing.com/logbook/crags/clatteringshaws_crag-11990
Ainshval,Scotland,Hebrides,56.9657,-6.315,5,UNKNOWN,,https://www.ukclimbing.com/logbook/crags/ainshval-13262
An Cliseam,Scotland,Hebrides,57.9637,-6.8124,8,Gneiss,,https://www.ukclimbing.com/logbook/crags/an_cliseam-13519
Barkeval,Scotland,Hebrides,56.99121,-6.31897,5,Gabbro,yes,https://www.ukclimbing.com/logbook/crags/barkeval-11859
Beannan a' Deas,Scotland,Hebrides,58.15256,-7.0087,19,Gneiss,,https://www.ukclimbing.com/logbook/crags/beannan_a_deas-26515
Beinn Choradail,Scotland,Hebrides,57.2752,-7.279,3,Gneiss,,https://www.ukclimbing.com/logbook/crags/beinn_choradail-11857
Beinn Mhor,Scotland,Hebrides,57.2587,-7.295,21,UNKNOWN,,https://www.ukclimbing.com/logbook/crags/beinn_mhor_hebrides-25785
Eaval (Eabhal),Scotland,Hebrides,57.52801,-7.18309,6,Gneiss,,https://www.ukclimbing.com/logbook/crags/eaval_eabhal-13541
Gillaval Dubh,Scotland,Hebrides,57.9219,-6.8313,6,Gneiss,yes,https://www.ukclimbing.com/logbook/crags/gillaval_dubh-19935
Griomabhal,Scotland,Hebrides,58.0859,-7.072,11,Gneiss,,https://www.ukclimbing.com/logbook/crags/griomabhal-3277
Hecla,Scotland,Hebrides,57.29026,-7.27131,2,UNKNOWN,,https://www.ukclimbing.com/logbook/crags/hecla-13537
Mealaisbhal,Scotland,Hebrides,58.1337,-7.0588,9,Gneiss,,https://www.ukclimbing.com/logbook/crags/mealaisbhal-13493
Roineabhal,Scotland,Hebrides,57.7664,-6.9754,8,Gneiss,,https://www.ukclimbing.com/logbook/crags/roineabhal_hebrides-13528
Sròn Scoust,Scotland,Hebrides,57.9838,-6.8997,3,Gneiss,,https://www.ukclimbing.com/logbook/crags/sron_scoust-28530
Suaineabhal,Scotland,Hebrides,58.1699,-6.9713,6,Gneiss,,https://www.ukclimbing.com/logbook/crags/suaineabhal-13501
Tathabhal,Scotland,Hebrides,58.12706,-7.02614,4,Gneiss,,https://www.ukclimbing.com/logbook/crags/tathabhal-11790
Am Bodach,Scotland,Highland,56.7418,-4.9838,6,Schist,,https://www.ukclimbing.com/logbook/crags/am_bodach_highland-12694
An Ruadh-Mheallan,Scotland,Highland,57.59149,-5.62247,2,UNKNOWN,,https://www.ukclimbing.com/logbook/crags/an_ruadh-mheallan-13031
An Ruadh-Stac,Scotland,Highland,57.4749,-5.4684,6,Quartzite,,https://www.ukclimbing.com/logbook/crags/an_ruadh-stac-11641
Aonach Beag - Sgurr a' Bhuic,Scotland,Highland,56.7886,-4.9421,7,Schist,,https://www.ukclimbing.com/logbook/crags/aonach_beag_-_sgurr_a_bhuic-14800
Aonach Dubh,Scotland,Highland,56.65501,-5.02823,244,Andesite,yes,https://www.ukclimbing.com/logbook/crags/aonach_dubh-23162
Aonach Eagach - Sgorr nam Fiannaidh,Scotland,Highland,56.67945,-5.03752,26,Rhyolite,yes,https://www.ukclimbing.com/logbook/crags/aonach_eagach_-_sgorr_nam_fiannaidh-562
Aonach Mor,Scotland,Highland,56.813,-4.9618,137,Granite,,https://www.ukclimbing.com/logbook/crags/aonach_mor-649
Aonach air Chrith,Scotland,Highland,57.12515,-5.22133,12,Schist,,https://www.ukclimbing.com/logbook/crags/aonach_air_chrith-12867
Askival,Scotland,Highland,56.9744,-6.2917,48,Gabbro,yes,https://www.ukclimbing.com/logbook/crags/askival-11861
Baosbheinn,Scotland,Highland,57.62837,-5.56855,6,UNKNOWN,,https://www.ukclimbing.com/logbook/crags/baosbheinn-11249
Beinn Damh,Scotland,Highland,57.49266,-5.51817,22,Sandstone (hard),,https://www.ukclimbing.com/logbook/crags/beinn_damh-11664
Beinn Dearg Mor,Scotland,Highland,57.76591,-5.31032,8,UNKNOWN,,https://www.ukclimbing.com/logbook/crags/beinn_dearg_mor-2836
Beinn Eighe,Scotland,Highland,57.5861,-5.4383,214,Quartzite,,https://www.ukclimbing.com/logbook/crags/beinn_eighe-774
Beinn Eighe - Sail Mhor,Scotland,Highland,57.58808,-5.45127,18,Quartzite,,https://www.ukclimbing.com/logbook/crags/beinn_eighe_-_sail_mhor-14765
Beinn Fhada - Sgurr a' Choire Ghairbh,Scotland,Highland,57.2343,-5.3241,21,UNKNOWN,,https://www.ukclimbing.com/logbook/crags/beinn_fhada_-_sgurr_a_choire_ghairbh-26275
Beinn Lair,Scotland,Highland,57.7038,-5.3892,19,Schist,,https://www.ukclimbing.com/logbook/crags/beinn_lair-3673
Beinn Resipol,Scotland,Highland,56.7273,-5.65281,3,UNKNOWN,,https://www.ukclimbing.com/logbook/crags/beinn_resipol-13313
Beinn Sgurrach,Scotland,Highland,57.19817,-4.48509,2,UNKNOWN,,https://www.ukclimbing.com/logbook/crags/beinn_sgurrach-28280
Beinn a' Bheithir - Sgorr Dhonuill,Scotland,Highland,56.65054,-5.19808,9,UNKNOWN,,https://www.ukclimbing.com/logbook/crags/beinn_a_bheithir_-_sgorr_dhonuill-12634
Beinn a' Chaorainn,Scotland,Highland,56.9287,-4.65383,10,Schist,,https://www.ukclimbing.com/logbook/crags/beinn_a_chaorainn_highland-2361
Beinn a' Chapuill,Scotland,Highland,57.17335,-5.58277,2,UNKNOWN,,https://www.ukclimbing.com/logbook/crags/beinn_a_chapuill-12879
Beinn a' Chrulaiste,Scotland,Highland,56.6689,-4.8637,6,Granite,,https://www.ukclimbing.com/logbook/crags/beinn_a_chrulaiste-3674
Beinn an Eoin,Scotland,Highland,57.6225,-5.5099,2,Sandstone (hard),,https://www.ukclimbing.com/logbook/crags/beinn_an_eoin_highland-13029
Beinn na Caillich,Scotland,Highland,57.09819,-5.64043,2,UNKNOWN,,https://www.ukclimbing.com/logbook/crags/beinn_na_caillich_highland-12903
Beinn na Seilg,Scotland,Highland,56.70002,-6.15367,25,Gabbro,,https://www.ukclimbing.com/logbook/crags/beinn_na_seilg-557
Ben Aden,Scotland,Highland,57.03082,-5.46445,5,UNKNOWN,,https://www.ukclimbing.com/logbook/crags/ben_aden-12898
Ben Alder,Scotland,Highland,56.81384,-4.46527,29,Granite,,https://www.ukclimbing.com/logbook/crags/ben_alder-413
Ben Nevis,Scotland,Highland,56.79686,-5.00382,549,Andesite,yes,https://www.ukclimbing.com/logbook/crags/ben_nevis-16877
Bidean nam Bian,Scotland,Highland,56.6429,-5.0295,93,Rhyolite,,https://www.ukclimbing.com/logbook/crags/bidean_nam_bian-534
Bidean nam Bian - Stob Coire nam Beith,Scotland,Highland,56.64613,-5.03711,65,Andesite,,https://www.ukclimbing.com/logbook/crags/bidean_nam_bian_-_stob_coire_nam_beith-2137
Bidean nam Bian - Stob Coire nan Lochan,Scotland,Highland,56.6488,-5.02187,108,Andesite,,https://www.ukclimbing.com/logbook/crags/bidean_nam_bian_-_stob_coire_nan_lochan-533
Binnein Mor,Scotland,Highland,56.75437,-4.92591,4,Schist,,https://www.ukclimbing.com/logbook/crags/binnein_mor-12273
Binnein Shuas,Scotland,Highland,56.9098,-4.5259,77,Microgranite,,https://www.ukclimbing.com/logbook/crags/binnein_shuas-43
Buachaille Etive Mor,Scotland,Highland,56.64634,-4.9004,321,Rhyolite,yes,https://www.ukclimbing.com/logbook/crags/buachaille_etive_mor-387
Carn Mor Dearg,Scotland,Highland,56.80521,-4.98664,12,Granite,,https://www.ukclimbing.com/logbook/crags/carn_mor_dearg-9678
Carnmore Crag,Scotland,Highland,57.7418,-5.3937,100,Gneiss,,https://www.ukclimbing.com/logbook/crags/carnmore_crag-777
Creag Meagaidh - Meall Coire Choille-rais,Scotland,Highland,56.9409,-4.578,7,Schist,,https://www.ukclimbing.com/logbook/crags/creag_meagaidh_-_meall_coire_choille-rais-14712
Creag Mhor Tollaidh,Scotland,Highland,57.7356,-5.5898,1,Gneiss,,https://www.ukclimbing.com/logbook/crags/creag_mhor_tollaidh-29022
Creag a' Chuir Crags,Scotland,Highland,56.9343,-4.4577,13,Microgranite,,https://www.ukclimbing.com/logbook/crags/creag_a_chuir_crags-18244
Creag an Airgid,Scotland,Highland,56.7241,-6.1227,2,UNKNOWN,,https://www.ukclimbing.com/logbook/crags/creag_an_airgid-28745
Creise - Stob a' Ghlais Choire,Scotland,Highland,56.62345,-4.87074,15,UNKNOWN,,https://www.ukclimbing.com/logbook/crags/creise_-_stob_a_ghlais_choire-14746
Cul Beag West face,Scotland,Highland,58.0292,-5.155,35,Sandstone (hard),yes,https://www.ukclimbing.com/logbook/crags/cul_beag_west_face-1584
Diabaig,Scotland,Highland,57.5745,-5.6756,106,Gneiss,,https://www.ukclimbing.com/logbook/crags/diabaig-773
Fuar Tholl,Scotland,Highland,57.48529,-5.37913,63,Sandstone (hard),,https://www.ukclimbing.com/logbook/crags/fuar_tholl-3061
Garbh Bheinn,Scotland,Highland,56.7045,-5.4251,64,Psammite,yes,https://www.ukclimbing.com/logbook/crags/garbh_bheinn_highland-554
Geal-Charn - Sgor Iutharn,Scotland,Highland,56.83572,-4.47948,4,UNKNOWN,,https://www.ukclimbing.com/logbook/crags/geal-charn_-_sgor_iutharn-3186
Gearr Aonach,Scotland,Highland,56.6564,-5.0005,87,Rhyolite,,https://www.ukclimbing.com/logbook/crags/gearr_aonach-474
Ladhar Bheinn,Scotland,Highland,57.07527,-5.59178,30,UNKNOWN,,https://www.ukclimbing.com/logbook/crags/ladhar_bheinn-8578
Liathach - Spidean a' Choire Leith,Scotland,Highland,57.5641,-5.4636,200,Sandstone (hard),yes,https://www.ukclimbing.com/logbook/crags/liathach_-_spidean_a_choire_leith-715
Meall Aundrary,Scotland,Highland,57.6937,-5.6151,1,Gneiss,,https://www.ukclimbing.com/logbook/crags/meall_aundrary-21874
Meall Cumhann,Scotland,Highland,56.7829,-4.9839,5,Schist,,https://www.ukclimbing.com/logbook/crags/meall_cumhann-3082
Meall Gorm,Scotland,Highland,57.4047,-5.6988,30,Sandstone (hard),,https://www.ukclimbing.com/logbook/crags/meall_gorm_highland-3172
Meall Sanna,Scotland,Highland,56.7392,-6.1664,17,Gabbro,,https://www.ukclimbing.com/logbook/crags/meall_sanna-8766
Mullach Fraoch-Choire,Scotland,Highland,57.20534,-5.15563,5,Schist,,https://www.ukclimbing.com/logbook/crags/mullach_fraoch-choire-11602
Mullach nan Coirean,Scotland,Highland,56.7499,-5.0726,27,Granite,,https://www.ukclimbing.com/logbook/crags/mullach_nan_coirean-14060
Ruadh-stac Beag,Scotland,Highland,57.59696,-5.39363,5,Quartzite,yes,https://www.ukclimbing.com/logbook/crags/ruadh-stac_beag-13026
Sgorr Craobh a' Chaorainn,Scotland,Highland,56.8258,-5.45054,2,UNKNOWN,,https://www.ukclimbing.com/logbook/crags/sgorr_craobh_a_chaorainn-13315
Sguman Coinntich,Scotland,Highland,57.31883,-5.36102,3,UNKNOWN,,https://www.ukclimbing.com/logbook/crags/sguman_coinntich-13007
Sgurr Ghiubhsachain,Scotland,Highland,56.81897,-5.48254,11,UNKNOWN,,https://www.ukclimbing.com/logbook/crags/sgurr_ghiubhsachain-10780
Sgurr Innse,Scotland,Highland,56.83316,-4.80413,3,Schist,,https://www.ukclimbing.com/logbook/crags/sgurr_innse-11428
Sgurr an Ursainn,Scotland,Highland,56.9238,-5.5115,1,UNKNOWN,,https://www.ukclimbing.com/logbook/crags/sgurr_an_ursainn-28746
Sgurr na Sgine,Scotland,Highland,57.1471,-5.3967,7,UNKNOWN,,https://www.ukclimbing.com/logbook/crags/sgurr_na_sgine-12872
Sgurr nan Ceannaichean,Scotland,Highland,57.48287,-5.19322,5,Schist,,https://www.ukclimbing.com/logbook/crags/sgurr_nan_ceannaichean-11636
Sgurr nan Conbhairean,Scotland,Highland,57.1775,-5.0955,10,Psammite,,https://www.ukclimbing.com/logbook/crags/sgurr_nan_conbhairean-12962
Sgurr nan Gabhar,Scotland,Highland,56.7514,-6.1406,10,Gabbro,,https://www.ukclimbing.com/logbook/crags/sgurr_nan_gabhar-9888
Stob Ban,Scotland,Highland,56.74366,-5.03041,32,Mica schist,,https://www.ukclimbing.com/logbook/crags/stob_ban_highland-652
Stob Ban,Scotland,Highland,56.8107,-4.8412,5,UNKNOWN,,https://www.ukclimbing.com/logbook/crags/stob_ban_highland-12698
Stob Coire Raineach,Scotland,Highland,56.65005,-4.95176,7,UNKNOWN,,https://www.ukclimbing.com/logbook/crags/stob_coire_raineach-14885
Stob Coire Sgreamhach,Scotland,Highland,56.6383,-5.0105,19,Andesite,,https://www.ukclimbing.com/logbook/crags/stob_coire_sgreamhach-9928
The Saddle,Scotland,Highland,57.1624,-5.4147,11,Schist,yes,https://www.ukclimbing.com/logbook/crags/the_saddle-14788
Trallval,Scotland,Highland,56.9725,-6.31606,26,Gabbro,,https://www.ukclimbing.com/logbook/crags/trallval-20757
Cairn Gorm - Creag an Leth-choin (Lurcher's Crag),Scotland,Invernesshire,57.1095,-3.7049,106,Granite,,https://www.ukclimbing.com/logbook/crags/cairn_gorm_-_creag_an_leth-choin_lurchers_crag-14687
Cairn Gorm - Fiacaill Coire an t-Sneachda,Scotland,Invernesshire,57.10946,-3.6718,2,UNKNOWN,,https://www.ukclimbing.com/logbook/crags/cairn_gorm_-_fiacaill_coire_an_t-sneachda-14647
Cairn Gorm - Stob Coire an t-Sneachda,Scotland,Invernesshire,57.1065,-3.6594,227,Granite,,https://www.ukclimbing.com/logbook/crags/cairn_gorm_-_stob_coire_an_t-sneachda-25
Sgor Gaoith (Gleann Einich),Scotland,Invernesshire,57.06871,-3.8113,39,Granite,,https://www.ukclimbing.com/logbook/crags/sgor_gaoith_gleann_einich-10316
Sgor an Lochain Uaine (The Angel's Peak),Scotland,Invernesshire,57.0581,-3.7259,23,Granite,,https://www.ukclimbing.com/logbook/crags/sgor_an_lochain_uaine_the_angels_peak-3612
Sgorr na Ciche (Pap of Glencoe),Scotland,Invernesshire,56.68881,-5.06294,2,Rhyolite,,https://www.ukclimbing.com/logbook/crags/sgorr_na_ciche_pap_of_glencoe-12627
Shelterstone Boulders,Scotland,Invernesshire,57.09448,-3.64643,20,Granite,,https://www.ukclimbing.com/logbook/crags/shelterstone_boulders-16738
The Slug,Scotland,Invernesshire,57.08553,-3.62377,2,Granite,,https://www.ukclimbing.com/logbook/crags/the_slug-18572
Am Basteir,Scotland,Isle of Skye,57.248,-6.203,28,Gabbro,,https://www.ukclimbing.com/logbook/crags/am_basteir-2739
An Caisteal West Face,Scotland,Isle of Skye,57.24089,-6.21236,7,Gabbro,,https://www.ukclimbing.com/logbook/crags/an_caisteal_west_face-19102
Belig,Scotland,Isle of Skye,57.24087,-6.07232,3,UNKNOWN,,https://www.ukclimbing.com/logbook/crags/belig-13238
Bidein Druim nan Ramh,Scotland,Isle of Skye,57.23528,-6.21674,11,Gabbro,,https://www.ukclimbing.com/logbook/crags/bidein_druim_nan_ramh-17865
Bla Bheinn,Scotland,Isle of Skye,57.2196,-6.0934,61,Gabbro,,https://www.ukclimbing.com/logbook/crags/bla_bheinn-684
Bruach na Frithe,Scotland,Isle of Skye,57.24685,-6.21102,5,Gabbro,,https://www.ukclimbing.com/logbook/crags/bruach_na_frithe-10963
Bruach na Frithe - Sgurr na Fionn Choire,Scotland,Isle of Skye,57.24699,-6.20556,2,UNKNOWN,,https://www.ukclimbing.com/logbook/crags/bruach_na_frithe_-_sgurr_na_fionn_choire-14863
Clach Glas,Scotland,Isle of Skye,57.22332,-6.08647,29,Gabbro,,https://www.ukclimbing.com/logbook/crags/clach_glas-1957
Creag Druim Eadar da Choire,Scotland,Isle of Skye,57.24139,-6.09889,16,Gabbro,,https://www.ukclimbing.com/logbook/crags/creag_druim_eadar_da_choire-11925
Druim nan Ramh,Scotland,Isle of Skye,57.2189,-6.1887,3,Gabbro,,https://www.ukclimbing.com/logbook/crags/druim_nan_ramh-24323
Garbh-bheinn,Scotland,Isle of Skye,57.23305,-6.09245,5,UNKNOWN,,https://www.ukclimbing.com/logbook/crags/garbh-bheinn-13234
Gars-bheinn,Scotland,Isle of Skye,57.18907,-6.19227,3,Gabbro,,https://www.ukclimbing.com/logbook/crags/gars-bheinn-23176
Marsco,Scotland,Isle of Skye,57.24922,-6.13383,9,Granite,,https://www.ukclimbing.com/logbook/crags/marsco-3746
"North Crag, Sron na Ciche, Coir' a' Ghrunnda",Scotland,Isle of Skye,57.1967,-6.2281,6,Gabbro,,https://www.ukclimbing.com/logbook/crags/north_crag_sron_na_ciche_coir_a_ghrunnda-11892
Preshal More,Scotland,Isle of Skye,57.2822,-6.4322,2,Basalt,,https://www.ukclimbing.com/logbook/crags/preshal_more-3489
Sgurr Alasdair - Sgurr Sgumain,Scotland,Isle of Skye,57.2055,-6.2267,31,Gabbro,,https://www.ukclimbing.com/logbook/crags/sgurr_alasdair_-_sgurr_sgumain-14837
Sgurr Dearg (Inaccessible Pinnacle),Scotland,Isle of Skye,57.2133,-6.235,48,Gabbro,,https://www.ukclimbing.com/logbook/crags/sgurr_dearg_inaccessible_pinnacle-4141
Sgurr Dubh Mor,Scotland,Isle of Skye,57.2049,-6.21197,4,UNKNOWN,,https://www.ukclimbing.com/logbook/crags/sgurr_dubh_mor-14118
Sgurr Dubh an Da Bheinn,Scotland,Isle of Skye,57.20399,-6.21541,4,Gabbro,,https://www.ukclimbing.com/logbook/crags/sgurr_dubh_an_da_bheinn-10957
Sgurr Mhic Choinnich,Scotland,Isle of Skye,57.209,-6.2237,49,UNKNOWN,,https://www.ukclimbing.com/logbook/crags/sgurr_mhic_choinnich-14117
Sgurr Thearlaich,Scotland,Isle of Skye,57.2066,-6.22275,18,UNKNOWN,,https://www.ukclimbing.com/logbook/crags/sgurr_thearlaich-14771
Sgurr Thuilm,Scotland,Isle of Skye,57.23659,-6.24594,4,Gabbro,,https://www.ukclimbing.com/logbook/crags/sgurr_thuilm_isle_of_skye-19103
Sgurr a' Bhasteir,Scotland,Isle of Skye,57.25174,-6.20604,10,Gabbro,,https://www.ukclimbing.com/logbook/crags/sgurr_a_bhasteir-9908
Sgurr a' Ghreadaidh,Scotland,Isle of Skye,57.22752,-6.23459,20,Gabbro,,https://www.ukclimbing.com/logbook/crags/sgurr_a_ghreadaidh-2740
Sgurr a' Mhadaidh,Scotland,Isle of Skye,57.231,-6.2321,58,Gabbro,,https://www.ukclimbing.com/logbook/crags/sgurr_a_mhadaidh-8501
Sgurr an Fheadain,Scotland,Isle of Skye,57.24008,-6.22383,12,Gabbro,,https://www.ukclimbing.com/logbook/crags/sgurr_an_fheadain-2625
Sgurr na Banachdich,Scotland,Isle of Skye,57.22104,-6.24188,16,Gabbro,,https://www.ukclimbing.com/logbook/crags/sgurr_na_banachdich-11939
Sgurr na Stri,Scotland,Isle of Skye,57.196,-6.1409,6,Gabbro,,https://www.ukclimbing.com/logbook/crags/sgurr_na_stri-11904
Sgurr na h-Uamha,Scotland,Isle of Skye,57.23708,-6.18454,12,Gabbro,,https://www.ukclimbing.com/logbook/crags/sgurr_na_h-uamha-11880
Sgurr nan Each,Scotland,Isle of Skye,57.2291,-6.0812,8,Gabbro,,https://www.ukclimbing.com/logbook/crags/sgurr_nan_each_isle_of_skye-16707
Sgurr nan Eag,Scotland,Isle of Skye,57.19566,-6.21131,9,Gabbro,,https://www.ukclimbing.com/logbook/crags/sgurr_nan_eag-11900
Sgurr nan Gillean,Scotland,Isle of Skye,57.2481,-6.1924,21,Gabbro,,https://www.ukclimbing.com/logbook/crags/sgurr_nan_gillean_isle_of_skye-2551
Sgùrr Alasdair,Scotland,Isle of Skye,57.20651,-6.22413,13,UNKNOWN,,https://www.ukclimbing.com/logbook/crags/sgurr_alasdair-13230
"South Crag, Sron Na Ciche, Coir' A' Ghrunnda",Scotland,Isle of Skye,57.1958,-6.2311,13,Gabbro,,https://www.ukclimbing.com/logbook/crags/south_crag_sron_na_ciche_coir_a_ghrunnda-8935
Spar cave,Scotland,Isle of Skye,57.13963,-6.06989,1,Sandstone (hard),,https://www.ukclimbing.com/logbook/crags/spar_cave-32885
Sron na Ciche,Scotland,Isle of Skye,57.2022,-6.2342,158,Gabbro,,https://www.ukclimbing.com/logbook/crags/sron_na_ciche-780
Treig Slab,Scotland,Lochaber,56.8483,-4.7123,4,Schist,,https://www.ukclimbing.com/logbook/crags/treig_slab-29393
Caerketton Hill,Scotland,Midlothian,55.88287,-3.2213,9,Rhyolite,,https://www.ukclimbing.com/logbook/crags/caerketton_hill-11149
Cummingston,Scotland,Moray,57.7042,-3.4581,332,Sandstone (soft),,https://www.ukclimbing.com/logbook/crags/cummingston-1196
Garbh Uisge Crag,Scotland,Moray,57.09299,-3.65536,10,Granite,,https://www.ukclimbing.com/logbook/crags/garbh_uisge_crag-11499
Stag Rocks,Scotland,Moray,57.1008,-3.6442,90,Granite,yes,https://www.ukclimbing.com/logbook/crags/stag_rocks-2336
Meall nan Tarmachan - Meall Garbh,Scotland,Perthshire,56.5155,-4.31201,31,UNKNOWN,,https://www.ukclimbing.com/logbook/crags/meall_nan_tarmachan_-_meall_garbh-14715
A' Mhaighdean,Scotland,Ross & Cromarty,57.7196,-5.3469,14,Gneiss,,https://www.ukclimbing.com/logbook/crags/a_mhaighdean-9167
An Groban,Scotland,Ross & Cromarty,57.7144,-5.6331,6,Gneiss,yes,https://www.ukclimbing.com/logbook/crags/an_groban-11261
An Teallach - Bidein a' Ghlas Thuill,Scotland,Ross & Cromarty,57.80719,-5.25183,106,Sandstone (hard),yes,https://www.ukclimbing.com/logbook/crags/an_teallach_-_bidein_a_ghlas_thuill-13056
Beinn Alligin - Sgurr Mor,Scotland,Ross & Cromarty,57.5912,-5.57307,41,Sandstone (hard),,https://www.ukclimbing.com/logbook/crags/beinn_alligin_-_sgurr_mor-13023
Beinn Eighe - Spidean Coire nan Clach,Scotland,Ross & Cromarty,57.58219,-5.40369,2,Quartzite,,https://www.ukclimbing.com/logbook/crags/beinn_eighe_-_spidean_coire_nan_clach-13022
Ben Mor Coigach,Scotland,Ross & Cromarty,57.9861,-5.2256,5,Sandstone (hard),,https://www.ukclimbing.com/logbook/crags/ben_mor_coigach-13202
Carnan Ban,Scotland,Ross & Cromarty,57.7308,-5.3592,10,Gneiss,,https://www.ukclimbing.com/logbook/crags/carnan_ban-11287
Cona' Mheall,Scotland,Ross & Cromarty,57.7911,-4.9036,5,Psammite,,https://www.ukclimbing.com/logbook/crags/cona_mheall-13091
Meall Mheinnidh,Scotland,Ross & Cromarty,57.71657,-5.43526,3,Schist,,https://www.ukclimbing.com/logbook/crags/meall_mheinnidh-11280
Mullach Coire Mhic Fhearchair - Sgurr Dubh,Scotland,Ross & Cromarty,57.7041,-5.2554,2,Gneiss,,https://www.ukclimbing.com/logbook/crags/mullach_coire_mhic_fhearchair_-_sgurr_dubh-14910
Older Schoolhouse,Scotland,Ross & Cromarty,57.90418,-5.56008,4,Sandstone (hard),,https://www.ukclimbing.com/logbook/crags/older_schoolhouse-17634
Quinag,Scotland,Ross & Cromarty,58.20576,-5.06149,91,Sandstone (hard),,https://www.ukclimbing.com/logbook/crags/quinag-416
Seana Bhraigh,Scotland,Ross & Cromarty,57.84725,-4.89675,31,Gneiss,,https://www.ukclimbing.com/logbook/crags/seana_bhraigh-417
Sgurr Ban,Scotland,Ross & Cromarty,57.71872,-5.26627,3,Quartzite,,https://www.ukclimbing.com/logbook/crags/sgurr_ban-3157
Sgurr Breac,Scotland,Ross & Cromarty,57.69214,-5.09157,8,Schist,,https://www.ukclimbing.com/logbook/crags/sgurr_breac-13080
Slioch,Scotland,Ross & Cromarty,57.6671,-5.3471,10,Sandstone (hard),,https://www.ukclimbing.com/logbook/crags/slioch-13059
Stac Pollaidh,Scotland,Ross & Cromarty,58.0441,-5.2083,97,Sandstone (hard),yes,https://www.ukclimbing.com/logbook/crags/stac_pollaidh-299
Suilven,Scotland,Ross & Cromarty,58.11562,-5.13687,13,Sandstone (hard),,https://www.ukclimbing.com/logbook/crags/suilven-2133
Ben Vorlich,Scotland,Stirlingshire,56.3425,-4.2196,12,Schist,,https://www.ukclimbing.com/logbook/crags/ben_vorlich_stirlingshire-12515
Dumyat,Scotland,Stirlingshire,56.15735,-3.87613,17,UNKNOWN,,https://www.ukclimbing.com/logbook/crags/dumyat-13581
Stuc a' Chroin,Scotland,Stirlingshire,56.3293,-4.23788,9,UNKNOWN,,https://www.ukclimbing.com/logbook/crags/stuc_a_chroin-12516
Ben Hope,Scotland,Sutherland,58.4131,-4.6081,28,Psammite,,https://www.ukclimbing.com/logbook/crags/ben_hope-11018
Ben Loyal,Scotland,Sutherland,58.40498,-4.43547,25,Granite,,https://www.ukclimbing.com/logbook/crags/ben_loyal-11022
Ben More Assynt,Scotland,Sutherland,58.1382,-4.8586,5,Gneiss,,https://www.ukclimbing.com/logbook/crags/ben_more_assynt-13185
Ben Stack,Scotland,Sutherland,58.3342,-4.9567,10,Gneiss,,https://www.ukclimbing.com/logbook/crags/ben_stack-11027
Conival,Scotland,Sutherland,58.13594,-4.8837,4,UNKNOWN,,https://www.ukclimbing.com/logbook/crags/conival-14111
Cranstackie,Scotland,Sutherland,58.4573,-4.8287,8,Gneiss,,https://www.ukclimbing.com/logbook/crags/cranstackie-11024
Cul Mor,Scotland,Sutherland,58.05806,-5.11667,18,Sandstone (hard),,https://www.ukclimbing.com/logbook/crags/cul_mor-11185
Foinaven - Ganu Mor,Scotland,Sutherland,58.412,-4.8856,123,Quartzite,yes,https://www.ukclimbing.com/logbook/crags/foinaven_-_ganu_mor-304
Afon Hendre,Wales,Clwyd,53.1277,-3.886,1,Volcanic tuff,,https://www.ukclimbing.com/logbook/crags/afon_hendre-25000
Carnedd Llewelyn,Wales,Conwy,53.16018,-3.97039,5,UNKNOWN,yes,https://www.ukclimbing.com/logbook/crags/carnedd_llewelyn-13727
Cwm Penmachno,Wales,Conwy,53.01031,-3.86566,1,UNKNOWN,,https://www.ukclimbing.com/logbook/crags/cwm_penmachno-29837
Penmaen-bach,Wales,Conwy,53.2839,-3.8869,7,Granodiorite,,https://www.ukclimbing.com/logbook/crags/penmaen-bach-9959
Afon Las,Wales,Gwynedd,53.101,-4.0647,5,UNKNOWN,,https://www.ukclimbing.com/logbook/crags/afon_las-29901
Cadair Idris - Penygadair,Wales,Gwynedd,52.6995,-3.90897,160,UNKNOWN,yes,https://www.ukclimbing.com/logbook/crags/cadair_idris_-_penygadair-13781
Carnedd Moel Siabod,Wales,Gwynedd,53.073,-3.934,20,Rhyolite,yes,https://www.ukclimbing.com/logbook/crags/carnedd_moel_siabod-1916
Carnedd Y Filiast (Cairn of the Greyhound Bitch),Wales,Gwynedd,53.1447,-4.0587,43,Gritstone,yes,https://www.ukclimbing.com/logbook/crags/carnedd_y_filiast_cairn_of_the_greyhound_bitch-499
Clip,Wales,Gwynedd,52.8744,-4.0021,28,Gritstone,,https://www.ukclimbing.com/logbook/crags/clip-19824
Clogwyn Du'r Arddu (Cloggy),Wales,Gwynedd,53.0788,-4.0909,217,Rhyolite,,https://www.ukclimbing.com/logbook/crags/clogwyn_dur_arddu_cloggy-457
Clogwyn y Ddysgl,Wales,Gwynedd,53.0775,-4.0678,74,Rhyolite,yes,https://www.ukclimbing.com/logbook/crags/clogwyn_y_ddysgl-696
Clogwyn y Garnedd,Wales,Gwynedd,53.07139,-4.07306,34,Welsh igneous,,https://www.ukclimbing.com/logbook/crags/clogwyn_y_garnedd-1346
Clogwyn y Tarw (The Gribin Facet),Wales,Gwynedd,53.116,-4.0171,132,Rhyolite,,https://www.ukclimbing.com/logbook/crags/clogwyn_y_tarw_the_gribin_facet-495
Craig Braich Ty Du (Pen yr Ole Wen),Wales,Gwynedd,53.1382,-4.01408,54,Rhyolite,yes,https://www.ukclimbing.com/logbook/crags/craig_braich_ty_du_pen_yr_ole_wen-525
Craig Cwm Du,Wales,Gwynedd,53.0728,-4.1839,19,Rhyolite,,https://www.ukclimbing.com/logbook/crags/craig_cwm_du-857
Craig Cwm Silyn,Wales,Gwynedd,53.02929,-4.20017,6,UNKNOWN,,https://www.ukclimbing.com/logbook/crags/craig_cwm_silyn-13738
Craig Fawr,Wales,Gwynedd,53.0303,-4.2054,6,Rhyolite,,https://www.ukclimbing.com/logbook/crags/craig_fawr_gwynedd-3100
Craig Lloer,Wales,Gwynedd,53.13722,-4.00194,43,Rhyolite,,https://www.ukclimbing.com/logbook/crags/craig_lloer-526
Craig Llyn Llagi,Wales,Gwynedd,53.0152,-4.0089,2,UNKNOWN,,https://www.ukclimbing.com/logbook/crags/craig_llyn_llagi-2284
Craig Y Cwmglas Bach,Wales,Gwynedd,53.1548,-4.0064,12,Shale,,https://www.ukclimbing.com/logbook/crags/craig_y_cwmglas_bach-524
Craig Yr Ysfa,Wales,Gwynedd,53.1544,-3.9544,82,Rhyolite,yes,https://www.ukclimbing.com/logbook/crags/craig_yr_ysfa-530
Craig y Bera,Wales,Gwynedd,53.0633,-4.1728,11,Welsh igneous,yes,https://www.ukclimbing.com/logbook/crags/craig_y_bera-2587
Craig yr Haul,Wales,Gwynedd,53.0984,-3.9784,19,Rhyolite,,https://www.ukclimbing.com/logbook/crags/craig_yr_haul-4011
Craig-Las [Tyrrau Mawr],Wales,Gwynedd,52.7021,-3.9652,1,Volcanic tuff,,https://www.ukclimbing.com/logbook/crags/craig-las-34002
Crib Goch,Wales,Gwynedd,53.07598,-4.0549,26,Rhyolite,yes,https://www.ukclimbing.com/logbook/crags/crib_goch-2032
Cwm Cneifion,Wales,Gwynedd,53.10753,-4.01945,38,Rhyolite,yes,https://www.ukclimbing.com/logbook/crags/cwm_cneifion-2157
Cwm Idwal [Idwal Slabs],Wales,Gwynedd,53.1099,-4.0254,140,Rhyolite,yes,https://www.ukclimbing.com/logbook/crags/cwm_idwal-496
Cwm Llan (Cwm Tregalen),Wales,Gwynedd,53.05868,-4.08071,11,Rhyolite,,https://www.ukclimbing.com/logbook/crags/cwm_llan_cwm_tregalen-23999
Devils Kitchen (Cwm Idwal) - (Clogwyn y Geifr),Wales,Gwynedd,53.1107,-4.036,92,Ice,,https://www.ukclimbing.com/logbook/crags/devils_kitchen_cwm_idwal_-_clogwyn_y_geifr-2323
Diffwys Ddu [Cyrn Las (Gyrn Las)],Wales,Gwynedd,53.0842,-4.0708,36,Rhyolite,,https://www.ukclimbing.com/logbook/crags/diffwys_ddu-695
Dinas Cromlech,Wales,Gwynedd,53.0917,-4.0489,95,Rhyolite,,https://www.ukclimbing.com/logbook/crags/dinas_cromlech-4
Dinas Mot,Wales,Gwynedd,53.08583,-4.05028,166,Rhyolite,,https://www.ukclimbing.com/logbook/crags/dinas_mot-699
Foel Goch 831m (Glyderau),Wales,Gwynedd,53.1303,-4.0513,24,UNKNOWN,yes,https://www.ukclimbing.com/logbook/crags/foel_goch_831m_glyderau-9534
Gallt Yr Ogof,Wales,Gwynedd,53.1164,-3.9531,84,Rhyolite,,https://www.ukclimbing.com/logbook/crags/gallt_yr_ogof_gwynedd-489
Garnedd Ugain,Wales,Gwynedd,53.07557,-4.07516,7,UNKNOWN,,https://www.ukclimbing.com/logbook/crags/garnedd_ugain-14682
Glyder Fach,Wales,Gwynedd,53.1048,-4.0084,121,Rhyolite,yes,https://www.ukclimbing.com/logbook/crags/glyder_fach-494
Glyder Fawr,Wales,Gwynedd,53.1029,-4.028,58,Rhyolite,yes,https://www.ukclimbing.com/logbook/crags/glyder_fawr_gwynedd-497
Llech Ddu (Black Slab),Wales,Gwynedd,53.1525,-3.995,44,Rhyolite,yes,https://www.ukclimbing.com/logbook/crags/llech_ddu_black_slab-502
Llechau Mawr,Wales,Gwynedd,52.84379,-3.99546,50,Gritstone,,https://www.ukclimbing.com/logbook/crags/llechau_mawr-9844
Llechog,Wales,Gwynedd,53.08975,-4.08291,8,Rhyolite,,https://www.ukclimbing.com/logbook/crags/llechog-783
Moel Berfedd,Wales,Gwynedd,53.081,-4.01436,1,Rhyolite,,https://www.ukclimbing.com/logbook/crags/moel_berfedd-26437
Moel Hebog,Wales,Gwynedd,53.00033,-4.14004,2,UNKNOWN,,https://www.ukclimbing.com/logbook/crags/moel_hebog-13735
Moel-ddu,Wales,Gwynedd,52.97616,-4.11692,16,Welsh igneous,,https://www.ukclimbing.com/logbook/crags/moel-ddu-2226
Mynydd Moel,Wales,Gwynedd,52.70574,-3.88518,4,UNKNOWN,,https://www.ukclimbing.com/logbook/crags/mynydd_moel-14937
Nantlle,Wales,Gwynedd,53.0363,-4.1837,1,UNKNOWN,yes,https://www.ukclimbing.com/logbook/crags/nantlle-3151
Rhinog Fach,Wales,Gwynedd,52.8241,-3.9829,13,Greywacke,,https://www.ukclimbing.com/logbook/crags/rhinog_fach-4093
Rhinog Fawr,Wales,Gwynedd,52.84166,-3.99582,2,UNKNOWN,,https://www.ukclimbing.com/logbook/crags/rhinog_fawr-16147
Rhinog Fawr South Faces,Wales,Gwynedd,52.8303,-4.006,100,Gritstone,,https://www.ukclimbing.com/logbook/crags/rhinog_fawr_south_faces-21090
Tryfan,Wales,Gwynedd,53.11495,-3.9976,170,Rhyolite,yes,https://www.ukclimbing.com/logbook/crags/tryfan-491
Tryfan Fach [Little Tryfan],Wales,Gwynedd,53.1214,-3.9877,30,Rhyolite,,https://www.ukclimbing.com/logbook/crags/tryfan_fach-490
Y Garn,Wales,Gwynedd,53.11563,-4.04738,20,UNKNOWN,yes,https://www.ukclimbing.com/logbook/crags/y_garn_gwynedd-2873
Y Garn (Gwynedd),Wales,Gwynedd,53.05141,-4.16315,7,Microgranite,,https://www.ukclimbing.com/logbook/crags/y_garn_gwynedd-9101
Y Gribin,Wales,Gwynedd,53.1051,-4.017,7,Rhyolite,yes,https://www.ukclimbing.com/logbook/crags/y_gribin-18789
Y Lliwedd,Wales,Gwynedd,53.05939,-4.05691,142,Rhyolite,yes,https://www.ukclimbing.com/logbook/crags/y_lliwedd-1214
Yr Wyddfa [Snowdon],Wales,Gwynedd,53.06845,-4.07604,13,UNKNOWN,yes,https://www.ukclimbing.com/logbook/crags/yr_wyddfa-4025
Waun Lefrith,Wales,Rhondda Cynon Taff,51.87857,-3.7475,2,UNKNOWN,,https://www.ukclimbing.com/logbook/crags/waun_lefrith-16161
